n,m,p,it,diff
2,0,0.6,50,0
3,0,0.6,50,0
3,1,0.6,50,0
4,0,0.6,50,0
4,1,0.6,50,0
4,2,0.6,50,0
4,3,0.6,50,0
5,0,0.6,50,0
5,1,0.6,50,0
5,2,0.6,50,0
5,3,0.6,50,0
5,4,0.6,50,0
5,5,0.6,50,0
6,0,0.6,50,0
6,1,0.6,50,0
6,2,0.6,50,0
6,3,0.6,50,0
6,4,0.6,50,0
6,5,0.6,50,0
6,6,0.6,50,0
6,7,0.6,50,0
7,0,0.6,50,0
7,1,0.6,50,0
7,2,0.6,50,0
7,3,0.6,50,0
7,4,0.6,50,0
7,5,0.6,50,0
7,6,0.6,50,0
7,7,0.6,50,0
7,8,0.6,50,0
7,9,0.6,50,0
7,10,0.6,50,0
8,0,0.6,50,0
8,1,0.6,50,0
8,2,0.6,50,0
8,3,0.6,50,0
8,4,0.6,50,0
8,5,0.6,50,0
8,6,0.6,50,0
8,7,0.6,50,0
8,8,0.6,50,0
8,9,0.6,50,0
8,10,0.6,50,0
8,11,0.6,50,0
8,12,0.6,50,0
8,13,0.6,50,0
8,14,0.6,50,0
9,0,0.6,50,0
9,1,0.6,50,0
9,2,0.6,50,0
9,3,0.6,50,0
9,4,0.6,50,0
9,5,0.6,50,0
9,6,0.6,50,0
9,7,0.6,50,0
9,8,0.6,50,0
9,9,0.6,50,0
9,10,0.6,50,0
9,11,0.6,50,0
9,12,0.6,50,0
9,13,0.6,50,0
9,14,0.6,50,0
9,15,0.6,50,0
9,16,0.6,50,0
9,17,0.6,50,0
9,18,0.6,50,0
10,0,0.6,50,0
10,1,0.6,50,0
10,2,0.6,50,0
10,3,0.6,50,0
10,4,0.6,50,0
10,5,0.6,50,0
10,6,0.6,50,0
10,7,0.6,50,0
10,8,0.6,50,0
10,9,0.6,50,0
10,10,0.6,50,0
10,11,0.6,50,0
10,12,0.6,50,0
10,13,0.6,50,0
10,14,0.6,50,0
10,15,0.6,50,0
10,16,0.6,50,0
10,17,0.6,50,0
10,18,0.6,50,0
10,19,0.6,50,0
10,20,0.6,50,0
10,21,0.6,50,0
10,22,0.6,50,0
11,0,0.6,50,0
11,1,0.6,50,0
11,2,0.6,50,0
11,3,0.6,50,0
11,4,0.6,50,0
11,5,0.6,50,0
11,6,0.6,50,0
11,7,0.6,50,0
11,8,0.6,50,0
11,9,0.6,50,0
11,10,0.6,50,0
11,11,0.6,50,0
11,12,0.6,50,0
11,13,0.6,50,0
11,14,0.6,50,0
11,15,0.6,50,0
11,16,0.6,50,0
11,17,0.6,50,0
11,18,0.6,50,0
11,19,0.6,50,0
11,20,0.6,50,0
11,21,0.6,50,0
11,22,0.6,50,0
11,23,0.6,50,0
11,24,0.6,50,0
11,25,0.6,50,0
11,26,0.6,50,0
11,27,0.6,50,0
12,0,0.6,50,0
12,1,0.6,50,0
12,2,0.6,50,0
12,3,0.6,50,0
12,4,0.6,50,0
12,5,0.6,50,0
12,6,0.6,50,0
12,7,0.6,50,0
12,8,0.6,50,0
12,9,0.6,50,0
12,10,0.6,50,0
12,11,0.6,50,0
12,12,0.6,50,0
12,13,0.6,50,0
12,14,0.6,50,0
12,15,0.6,50,0
12,16,0.6,50,0
12,17,0.6,50,0
12,18,0.6,50,0
12,19,0.6,50,0
12,20,0.6,50,0
12,21,0.6,50,0
12,22,0.6,50,0
12,23,0.6,50,0
12,24,0.6,50,0
12,25,0.6,50,0
12,26,0.6,50,0
12,27,0.6,50,0
12,28,0.6,50,0
12,29,0.6,50,0
12,30,0.6,50,0
12,31,0.6,50,0
12,32,0.6,50,0
12,33,0.6,50,0
13,0,0.6,50,0
13,1,0.6,50,0
13,2,0.6,50,0
13,3,0.6,50,0
13,4,0.6,50,0
13,5,0.6,50,0
13,6,0.6,50,0
13,7,0.6,50,0
13,8,0.6,50,0
13,9,0.6,50,0
13,10,0.6,50,0
13,11,0.6,50,0
13,12,0.6,50,0
13,13,0.6,50,0
13,14,0.6,50,0
13,15,0.6,50,0
13,16,0.6,50,0
13,17,0.6,50,0
13,18,0.6,50,0
13,19,0.6,50,0
13,20,0.6,50,0
13,21,0.6,50,0
13,22,0.6,50,0
13,23,0.6,50,0
13,24,0.6,50,0
13,25,0.6,50,0
13,26,0.6,50,0
13,27,0.6,50,0
13,28,0.6,50,0
13,29,0.6,50,0
13,30,0.6,50,0
13,31,0.6,50,0
13,32,0.6,50,0
13,33,0.6,50,0
13,34,0.6,50,0
13,35,0.6,50,0
13,36,0.6,50,0
13,37,0.6,50,0
13,38,0.6,50,0
13,39,0.6,50,0
14,0,0.6,50,0
14,1,0.6,50,1
14,2,0.6,50,0
14,3,0.6,50,0
14,4,0.6,50,0
14,5,0.6,50,0
14,6,0.6,50,0
14,7,0.6,50,0
14,8,0.6,50,0
14,9,0.6,50,0
14,10,0.6,50,0
14,11,0.6,50,0
14,12,0.6,50,0
14,13,0.6,50,0
14,14,0.6,50,0
14,15,0.6,50,0
14,16,0.6,50,0
14,17,0.6,50,0
14,18,0.6,50,0
14,19,0.6,50,0
14,20,0.6,50,0
14,21,0.6,50,0
14,22,0.6,50,0
14,23,0.6,50,0
14,24,0.6,50,0
14,25,0.6,50,0
14,26,0.6,50,0
14,27,0.6,50,0
14,28,0.6,50,0
14,29,0.6,50,0
14,30,0.6,50,0
14,31,0.6,50,0
14,32,0.6,50,0
14,33,0.6,50,0
14,34,0.6,50,0
14,35,0.6,50,0
14,36,0.6,50,0
14,37,0.6,50,0
14,38,0.6,50,0
14,39,0.6,50,0
14,40,0.6,50,0
14,41,0.6,50,0
14,42,0.6,50,0
14,43,0.6,50,0
14,44,0.6,50,0
14,45,0.6,50,0
15,0,0.6,50,0
15,1,0.6,50,0
15,2,0.6,50,0
15,3,0.6,50,0
15,4,0.6,50,0
15,5,0.6,50,0
15,6,0.6,50,0
15,7,0.6,50,0
15,8,0.6,50,0
15,9,0.6,50,0
15,10,0.6,50,0
15,11,0.6,50,0
15,12,0.6,50,0
15,13,0.6,50,0
15,14,0.6,50,0
15,15,0.6,50,0
15,16,0.6,50,0
15,17,0.6,50,0
15,18,0.6,50,0
15,19,0.6,50,0
15,20,0.6,50,0
15,21,0.6,50,0
15,22,0.6,50,0
15,23,0.6,50,0
15,24,0.6,50,0
15,25,0.6,50,0
15,26,0.6,50,0
15,27,0.6,50,0
15,28,0.6,50,0
15,29,0.6,50,0
15,30,0.6,50,0
15,31,0.6,50,0
15,32,0.6,50,0
15,33,0.6,50,0
15,34,0.6,50,0
15,35,0.6,50,0
15,36,0.6,50,0
15,37,0.6,50,0
15,38,0.6,50,0
15,39,0.6,50,0
15,40,0.6,50,0
15,41,0.6,50,0
15,42,0.6,50,0
15,43,0.6,50,0
15,44,0.6,50,0
15,45,0.6,50,0
15,46,0.6,50,0
15,47,0.6,50,0
15,48,0.6,50,0
15,49,0.6,50,0
15,50,0.6,50,0
15,51,0.6,50,0
15,52,0.6,50,0
16,0,0.6,50,0
16,1,0.6,50,0
16,2,0.6,50,0
16,3,0.6,50,0
16,4,0.6,50,0
16,5,0.6,50,0
16,6,0.6,50,0
16,7,0.6,50,0
16,8,0.6,50,0
16,9,0.6,50,0
16,10,0.6,50,0
16,11,0.6,50,0
16,12,0.6,50,0
16,13,0.6,50,0
16,14,0.6,50,0
16,15,0.6,50,0
16,16,0.6,50,0
16,17,0.6,50,0
16,18,0.6,50,0
16,19,0.6,50,0
16,20,0.6,50,0
16,21,0.6,50,0
16,22,0.6,50,0
16,23,0.6,50,0
16,24,0.6,50,0
16,25,0.6,50,0
16,26,0.6,50,0
16,27,0.6,50,0
16,28,0.6,50,0
16,29,0.6,50,0
16,30,0.6,50,0
16,31,0.6,50,0
16,32,0.6,50,0
16,33,0.6,50,0
16,34,0.6,50,0
16,35,0.6,50,0
16,36,0.6,50,0
16,37,0.6,50,0
16,38,0.6,50,0
16,39,0.6,50,0
16,40,0.6,50,0
16,41,0.6,50,0
16,42,0.6,50,0
16,43,0.6,50,0
16,44,0.6,50,0
16,45,0.6,50,0
16,46,0.6,50,0
16,47,0.6,50,0
16,48,0.6,50,0
16,49,0.6,50,0
16,50,0.6,50,0
16,51,0.6,50,0
16,52,0.6,50,0
16,53,0.6,50,0
16,54,0.6,50,0
16,55,0.6,50,0
16,56,0.6,50,0
16,57,0.6,50,0
16,58,0.6,50,0
16,59,0.6,50,0
16,60,0.6,50,0
17,0,0.6,50,0
17,1,0.6,50,0
17,2,0.6,50,0
17,3,0.6,50,0
17,4,0.6,50,0
17,5,0.6,50,0
17,6,0.6,50,0
17,7,0.6,50,0
17,8,0.6,50,0
17,9,0.6,50,0
17,10,0.6,50,0
17,11,0.6,50,0
17,12,0.6,50,0
17,13,0.6,50,0
17,14,0.6,50,0
17,15,0.6,50,0
17,16,0.6,50,0
17,17,0.6,50,0
17,18,0.6,50,0
17,19,0.6,50,0
17,20,0.6,50,0
17,21,0.6,50,0
17,22,0.6,50,0
17,23,0.6,50,0
17,24,0.6,50,0
17,25,0.6,50,0
17,26,0.6,50,0
17,27,0.6,50,0
17,28,0.6,50,0
17,29,0.6,50,0
17,30,0.6,50,0
17,31,0.6,50,0
17,32,0.6,50,0
17,33,0.6,50,0
17,34,0.6,50,0
17,35,0.6,50,0
17,36,0.6,50,0
17,37,0.6,50,0
17,38,0.6,50,0
17,39,0.6,50,0
17,40,0.6,50,0
17,41,0.6,50,0
17,42,0.6,50,0
17,43,0.6,50,0
17,44,0.6,50,0
17,45,0.6,50,0
17,46,0.6,50,0
17,47,0.6,50,0
17,48,0.6,50,0
17,49,0.6,50,0
17,50,0.6,50,0
17,51,0.6,50,0
17,52,0.6,50,0
17,53,0.6,50,0
17,54,0.6,50,0
17,55,0.6,50,0
17,56,0.6,50,0
17,57,0.6,50,0
17,58,0.6,50,0
17,59,0.6,50,0
17,60,0.6,50,0
17,61,0.6,50,0
17,62,0.6,50,0
17,63,0.6,50,0
17,64,0.6,50,0
17,65,0.6,50,0
17,66,0.6,50,0
17,67,0.6,50,0
17,68,0.6,50,0
18,0,0.6,50,0
18,1,0.6,50,0
18,2,0.6,50,0
18,3,0.6,50,0
18,4,0.6,50,0
18,5,0.6,50,0
18,6,0.6,50,0
18,7,0.6,50,0
18,8,0.6,50,0
18,9,0.6,50,0
18,10,0.6,50,0
18,11,0.6,50,0
18,12,0.6,50,0
18,13,0.6,50,0
18,14,0.6,50,0
18,15,0.6,50,0
18,16,0.6,50,0
18,17,0.6,50,0
18,18,0.6,50,0
18,19,0.6,50,0
18,20,0.6,50,0
18,21,0.6,50,0
18,22,0.6,50,0
18,23,0.6,50,0
18,24,0.6,50,0
18,25,0.6,50,0
18,26,0.6,50,0
18,27,0.6,50,0
18,28,0.6,50,0
18,29,0.6,50,0
18,30,0.6,50,0
18,31,0.6,50,0
18,32,0.6,50,0
18,33,0.6,50,0
18,34,0.6,50,0
18,35,0.6,50,0
18,36,0.6,50,0
18,37,0.6,50,0
18,38,0.6,50,0
18,39,0.6,50,0
18,40,0.6,50,0
18,41,0.6,50,0
18,42,0.6,50,0
18,43,0.6,50,0
18,44,0.6,50,0
18,45,0.6,50,0
18,46,0.6,50,0
18,47,0.6,50,0
18,48,0.6,50,0
18,49,0.6,50,0
18,50,0.6,50,0
18,51,0.6,50,0
18,52,0.6,50,0
18,53,0.6,50,0
18,54,0.6,50,0
18,55,0.6,50,0
18,56,0.6,50,0
18,57,0.6,50,0
18,58,0.6,50,0
18,59,0.6,50,0
18,60,0.6,50,0
18,61,0.6,50,0
18,62,0.6,50,0
18,63,0.6,50,0
18,64,0.6,50,0
18,65,0.6,50,0
18,66,0.6,50,0
18,67,0.6,50,0
18,68,0.6,50,0
18,69,0.6,50,0
18,70,0.6,50,0
18,71,0.6,50,0
18,72,0.6,50,0
18,73,0.6,50,0
18,74,0.6,50,0
18,75,0.6,50,0
18,76,0.6,50,0
19,0,0.6,50,0
19,1,0.6,50,0
19,2,0.6,50,0
19,3,0.6,50,0
19,4,0.6,50,0
19,5,0.6,50,0
19,6,0.6,50,0
19,7,0.6,50,0
19,8,0.6,50,0
19,9,0.6,50,0
19,10,0.6,50,0
19,11,0.6,50,0
19,12,0.6,50,0
19,13,0.6,50,0
19,14,0.6,50,0
19,15,0.6,50,0
19,16,0.6,50,0
19,17,0.6,50,0
19,18,0.6,50,0
19,19,0.6,50,0
19,20,0.6,50,0
19,21,0.6,50,0
19,22,0.6,50,0
19,23,0.6,50,0
19,24,0.6,50,0
19,25,0.6,50,0
19,26,0.6,50,0
19,27,0.6,50,0
19,28,0.6,50,0
19,29,0.6,50,0
19,30,0.6,50,0
19,31,0.6,50,0
19,32,0.6,50,0
19,33,0.6,50,0
19,34,0.6,50,0
19,35,0.6,50,0
19,36,0.6,50,0
19,37,0.6,50,0
19,38,0.6,50,0
19,39,0.6,50,0
19,40,0.6,50,0
19,41,0.6,50,0
19,42,0.6,50,0
19,43,0.6,50,0
19,44,0.6,50,0
19,45,0.6,50,0
19,46,0.6,50,0
19,47,0.6,50,0
19,48,0.6,50,0
19,49,0.6,50,0
19,50,0.6,50,0
19,51,0.6,50,0
19,52,0.6,50,0
19,53,0.6,50,0
19,54,0.6,50,0
19,55,0.6,50,0
19,56,0.6,50,0
19,57,0.6,50,0
19,58,0.6,50,0
19,59,0.6,50,0
19,60,0.6,50,0
19,61,0.6,50,0
19,62,0.6,50,0
19,63,0.6,50,0
19,64,0.6,50,0
19,65,0.6,50,0
19,66,0.6,50,0
19,67,0.6,50,0
19,68,0.6,50,0
19,69,0.6,50,0
19,70,0.6,50,0
19,71,0.6,50,0
19,72,0.6,50,0
19,73,0.6,50,0
19,74,0.6,50,0
19,75,0.6,50,0
19,76,0.6,50,0
19,77,0.6,50,0
19,78,0.6,50,0
19,79,0.6,50,0
19,80,0.6,50,0
19,81,0.6,50,0
19,82,0.6,50,0
19,83,0.6,50,0
19,84,0.6,50,0
19,85,0.6,50,0
20,0,0.6,50,0
20,1,0.6,50,0
20,2,0.6,50,0
20,3,0.6,50,0
20,4,0.6,50,0
20,5,0.6,50,0
20,6,0.6,50,0
20,7,0.6,50,0
20,8,0.6,50,0
20,9,0.6,50,0
20,10,0.6,50,0
20,11,0.6,50,0
20,12,0.6,50,0
20,13,0.6,50,0
20,14,0.6,50,0
20,15,0.6,50,0
20,16,0.6,50,0
20,17,0.6,50,0
20,18,0.6,50,0
20,19,0.6,50,0
20,20,0.6,50,0
20,21,0.6,50,0
20,22,0.6,50,0
20,23,0.6,50,0
20,24,0.6,50,0
20,25,0.6,50,0
20,26,0.6,50,0
20,27,0.6,50,0
20,28,0.6,50,0
20,29,0.6,50,0
20,30,0.6,50,0
20,31,0.6,50,0
20,32,0.6,50,0
20,33,0.6,50,0
20,34,0.6,50,0
20,35,0.6,50,0
20,36,0.6,50,0
20,37,0.6,50,0
20,38,0.6,50,0
20,39,0.6,50,0
20,40,0.6,50,1
20,41,0.6,50,0
20,42,0.6,50,0
20,43,0.6,50,0
20,44,0.6,50,0
20,45,0.6,50,0
20,46,0.6,50,0
20,47,0.6,50,0
20,48,0.6,50,0
20,49,0.6,50,0
20,50,0.6,50,0
20,51,0.6,50,0
20,52,0.6,50,0
20,53,0.6,50,0
20,54,0.6,50,0
20,55,0.6,50,0
20,56,0.6,50,0
20,57,0.6,50,0
20,58,0.6,50,0
20,59,0.6,50,0
20,60,0.6,50,0
20,61,0.6,50,0
20,62,0.6,50,0
20,63,0.6,50,0
20,64,0.6,50,0
20,65,0.6,50,0
20,66,0.6,50,0
20,67,0.6,50,0
20,68,0.6,50,0
20,69,0.6,50,0
20,70,0.6,50,0
20,71,0.6,50,0
20,72,0.6,50,0
20,73,0.6,50,0
20,74,0.6,50,0
20,75,0.6,50,0
20,76,0.6,50,0
20,77,0.6,50,2
20,78,0.6,50,0
20,79,0.6,50,0
20,80,0.6,50,0
20,81,0.6,50,0
20,82,0.6,50,0
20,83,0.6,50,0
20,84,0.6,50,0
20,85,0.6,50,0
20,86,0.6,50,0
20,87,0.6,50,0
20,88,0.6,50,0
20,89,0.6,50,0
20,90,0.6,50,0
20,91,0.6,50,0
20,92,0.6,50,0
20,93,0.6,50,0
20,94,0.6,50,0
20,95,0.6,50,0
21,0,0.6,50,0
21,1,0.6,50,0
21,2,0.6,50,0
21,3,0.6,50,0
21,4,0.6,50,0
21,5,0.6,50,0
21,6,0.6,50,0
21,7,0.6,50,0
21,8,0.6,50,0
21,9,0.6,50,0
21,10,0.6,50,0
21,11,0.6,50,0
21,12,0.6,50,0
21,13,0.6,50,0
21,14,0.6,50,0
21,15,0.6,50,0
21,16,0.6,50,0
21,17,0.6,50,0
21,18,0.6,50,0
21,19,0.6,50,0
21,20,0.6,50,0
21,21,0.6,50,0
21,22,0.6,50,0
21,23,0.6,50,0
21,24,0.6,50,0
21,25,0.6,50,0
21,26,0.6,50,0
21,27,0.6,50,0
21,28,0.6,50,0
21,29,0.6,50,0
21,30,0.6,50,0
21,31,0.6,50,0
21,32,0.6,50,0
21,33,0.6,50,0
21,34,0.6,50,0
21,35,0.6,50,0
21,36,0.6,50,0
21,37,0.6,50,0
21,38,0.6,50,0
21,39,0.6,50,0
21,40,0.6,50,0
21,41,0.6,50,0
21,42,0.6,50,0
21,43,0.6,50,0
21,44,0.6,50,0
21,45,0.6,50,0
21,46,0.6,50,0
21,47,0.6,50,0
21,48,0.6,50,0
21,49,0.6,50,0
21,50,0.6,50,0
21,51,0.6,50,0
21,52,0.6,50,0
21,53,0.6,50,0
21,54,0.6,50,0
21,55,0.6,50,0
21,56,0.6,50,0
21,57,0.6,50,0
21,58,0.6,50,0
21,59,0.6,50,0
21,60,0.6,50,0
21,61,0.6,50,0
21,62,0.6,50,0
21,63,0.6,50,0
21,64,0.6,50,0
21,65,0.6,50,0
21,66,0.6,50,0
21,67,0.6,50,0
21,68,0.6,50,0
21,69,0.6,50,0
21,70,0.6,50,0
21,71,0.6,50,0
21,72,0.6,50,0
21,73,0.6,50,0
21,74,0.6,50,0
21,75,0.6,50,0
21,76,0.6,50,0
21,77,0.6,50,0
21,78,0.6,50,0
21,79,0.6,50,0
21,80,0.6,50,0
21,81,0.6,50,0
21,82,0.6,50,0
21,83,0.6,50,0
21,84,0.6,50,0
21,85,0.6,50,0
21,86,0.6,50,0
21,87,0.6,50,0
21,88,0.6,50,0
21,89,0.6,50,0
21,90,0.6,50,0
21,91,0.6,50,0
21,92,0.6,50,0
21,93,0.6,50,0
21,94,0.6,50,0
21,95,0.6,50,0
21,96,0.6,50,0
21,97,0.6,50,0
21,98,0.6,50,0
21,99,0.6,50,0
21,100,0.6,50,0
21,101,0.6,50,0
21,102,0.6,50,0
21,103,0.6,50,0
21,104,0.6,50,0
21,105,0.6,50,0
22,0,0.6,50,0
22,1,0.6,50,0
22,2,0.6,50,0
22,3,0.6,50,0
22,4,0.6,50,0
22,5,0.6,50,0
22,6,0.6,50,0
22,7,0.6,50,0
22,8,0.6,50,0
22,9,0.6,50,0
22,10,0.6,50,0
22,11,0.6,50,0
22,12,0.6,50,0
22,13,0.6,50,0
22,14,0.6,50,0
22,15,0.6,50,0
22,16,0.6,50,0
22,17,0.6,50,0
22,18,0.6,50,0
22,19,0.6,50,0
22,20,0.6,50,0
22,21,0.6,50,0
22,22,0.6,50,0
22,23,0.6,50,0
22,24,0.6,50,0
22,25,0.6,50,0
22,26,0.6,50,0
22,27,0.6,50,0
22,28,0.6,50,0
22,29,0.6,50,0
22,30,0.6,50,0
22,31,0.6,50,0
22,32,0.6,50,0
22,33,0.6,50,0
22,34,0.6,50,0
22,35,0.6,50,0
22,36,0.6,50,0
22,37,0.6,50,0
22,38,0.6,50,0
22,39,0.6,50,0
22,40,0.6,50,0
22,41,0.6,50,0
22,42,0.6,50,0
22,43,0.6,50,0
22,44,0.6,50,0
22,45,0.6,50,0
22,46,0.6,50,0
22,47,0.6,50,0
22,48,0.6,50,0
22,49,0.6,50,0
22,50,0.6,50,0
22,51,0.6,50,0
22,52,0.6,50,0
22,53,0.6,50,0
22,54,0.6,50,0
22,55,0.6,50,0
22,56,0.6,50,0
22,57,0.6,50,0
22,58,0.6,50,0
22,59,0.6,50,0
22,60,0.6,50,0
22,61,0.6,50,0
22,62,0.6,50,0
22,63,0.6,50,0
22,64,0.6,50,0
22,65,0.6,50,0
22,66,0.6,50,0
22,67,0.6,50,0
22,68,0.6,50,0
22,69,0.6,50,0
22,70,0.6,50,0
22,71,0.6,50,0
22,72,0.6,50,0
22,73,0.6,50,0
22,74,0.6,50,0
22,75,0.6,50,0
22,76,0.6,50,0
22,77,0.6,50,0
22,78,0.6,50,0
22,79,0.6,50,0
22,80,0.6,50,0
22,81,0.6,50,0
22,82,0.6,50,0
22,83,0.6,50,0
22,84,0.6,50,0
22,85,0.6,50,0
22,86,0.6,50,0
22,87,0.6,50,0
22,88,0.6,50,0
22,89,0.6,50,0
22,90,0.6,50,0
22,91,0.6,50,0
22,92,0.6,50,0
22,93,0.6,50,0
22,94,0.6,50,0
22,95,0.6,50,0
22,96,0.6,50,0
22,97,0.6,50,0
22,98,0.6,50,0
22,99,0.6,50,0
22,100,0.6,50,0
22,101,0.6,50,0
22,102,0.6,50,0
22,103,0.6,50,0
22,104,0.6,50,0
22,105,0.6,50,0
22,106,0.6,50,0
22,107,0.6,50,0
22,108,0.6,50,0
22,109,0.6,50,0
22,110,0.6,50,0
22,111,0.6,50,0
22,112,0.6,50,0
22,113,0.6,50,0
22,114,0.6,50,0
22,115,0.6,50,0
23,0,0.6,50,0
23,1,0.6,50,0
23,2,0.6,50,0
23,3,0.6,50,0
23,4,0.6,50,0
23,5,0.6,50,0
23,6,0.6,50,0
23,7,0.6,50,0
23,8,0.6,50,0
23,9,0.6,50,0
23,10,0.6,50,0
23,11,0.6,50,0
23,12,0.6,50,0
23,13,0.6,50,0
23,14,0.6,50,0
23,15,0.6,50,0
23,16,0.6,50,0
23,17,0.6,50,0
23,18,0.6,50,0
23,19,0.6,50,0
23,20,0.6,50,0
23,21,0.6,50,0
23,22,0.6,50,0
23,23,0.6,50,0
23,24,0.6,50,0
23,25,0.6,50,0
23,26,0.6,50,0
23,27,0.6,50,0
23,28,0.6,50,0
23,29,0.6,50,0
23,30,0.6,50,0
23,31,0.6,50,0
23,32,0.6,50,0
23,33,0.6,50,0
23,34,0.6,50,0
23,35,0.6,50,0
23,36,0.6,50,0
23,37,0.6,50,0
23,38,0.6,50,0
23,39,0.6,50,0
23,40,0.6,50,0
23,41,0.6,50,0
23,42,0.6,50,0
23,43,0.6,50,0
23,44,0.6,50,0
23,45,0.6,50,0
23,46,0.6,50,0
23,47,0.6,50,0
23,48,0.6,50,0
23,49,0.6,50,0
23,50,0.6,50,0
23,51,0.6,50,0
23,52,0.6,50,0
23,53,0.6,50,0
23,54,0.6,50,0
23,55,0.6,50,0
23,56,0.6,50,0
23,57,0.6,50,0
23,58,0.6,50,0
23,59,0.6,50,0
23,60,0.6,50,0
23,61,0.6,50,0
23,62,0.6,50,0
23,63,0.6,50,0
23,64,0.6,50,0
23,65,0.6,50,0
23,66,0.6,50,0
23,67,0.6,50,0
23,68,0.6,50,0
23,69,0.6,50,0
23,70,0.6,50,0
23,71,0.6,50,0
23,72,0.6,50,0
23,73,0.6,50,0
23,74,0.6,50,0
23,75,0.6,50,0
23,76,0.6,50,0
23,77,0.6,50,0
23,78,0.6,50,0
23,79,0.6,50,0
23,80,0.6,50,0
23,81,0.6,50,0
23,82,0.6,50,0
23,83,0.6,50,0
23,84,0.6,50,0
23,85,0.6,50,0
23,86,0.6,50,0
23,87,0.6,50,0
23,88,0.6,50,0
23,89,0.6,50,0
23,90,0.6,50,0
23,91,0.6,50,0
23,92,0.6,50,0
23,93,0.6,50,0
23,94,0.6,50,0
23,95,0.6,50,0
23,96,0.6,50,0
23,97,0.6,50,0
23,98,0.6,50,0
23,99,0.6,50,0
23,100,0.6,50,0
23,101,0.6,50,0
23,102,0.6,50,0
23,103,0.6,50,0
23,104,0.6,50,0
23,105,0.6,50,0
23,106,0.6,50,0
23,107,0.6,50,0
23,108,0.6,50,0
23,109,0.6,50,0
23,110,0.6,50,0
23,111,0.6,50,0
23,112,0.6,50,0
23,113,0.6,50,0
23,114,0.6,50,0
23,115,0.6,50,0
23,116,0.6,50,0
23,117,0.6,50,0
23,118,0.6,50,0
23,119,0.6,50,0
23,120,0.6,50,0
23,121,0.6,50,0
23,122,0.6,50,0
23,123,0.6,50,0
23,124,0.6,50,0
23,125,0.6,50,0
23,126,0.6,50,0
24,0,0.6,50,0
24,1,0.6,50,1
24,2,0.6,50,0
24,3,0.6,50,0
24,4,0.6,50,0
24,5,0.6,50,0
24,6,0.6,50,0
24,7,0.6,50,0
24,8,0.6,50,0
24,9,0.6,50,0
24,10,0.6,50,0
24,11,0.6,50,0
24,12,0.6,50,0
24,13,0.6,50,0
24,14,0.6,50,0
24,15,0.6,50,0
24,16,0.6,50,0
24,17,0.6,50,0
24,18,0.6,50,0
24,19,0.6,50,0
24,20,0.6,50,0
24,21,0.6,50,0
24,22,0.6,50,0
24,23,0.6,50,0
24,24,0.6,50,0
24,25,0.6,50,0
24,26,0.6,50,0
24,27,0.6,50,0
24,28,0.6,50,0
24,29,0.6,50,0
24,30,0.6,50,0
24,31,0.6,50,0
24,32,0.6,50,0
24,33,0.6,50,0
24,34,0.6,50,0
24,35,0.6,50,0
24,36,0.6,50,0
24,37,0.6,50,0
24,38,0.6,50,0
24,39,0.6,50,0
24,40,0.6,50,0
24,41,0.6,50,0
24,42,0.6,50,0
24,43,0.6,50,0
24,44,0.6,50,0
24,45,0.6,50,0
24,46,0.6,50,0
24,47,0.6,50,0
24,48,0.6,50,0
24,49,0.6,50,0
24,50,0.6,50,0
24,51,0.6,50,0
24,52,0.6,50,0
24,53,0.6,50,0
24,54,0.6,50,0
24,55,0.6,50,0
24,56,0.6,50,0
24,57,0.6,50,0
24,58,0.6,50,0
24,59,0.6,50,0
24,60,0.6,50,0
24,61,0.6,50,0
24,62,0.6,50,0
24,63,0.6,50,0
24,64,0.6,50,0
24,65,0.6,50,0
24,66,0.6,50,0
24,67,0.6,50,0
24,68,0.6,50,0
24,69,0.6,50,0
24,70,0.6,50,0
24,71,0.6,50,0
24,72,0.6,50,0
24,73,0.6,50,0
24,74,0.6,50,0
24,75,0.6,50,0
24,76,0.6,50,0
24,77,0.6,50,0
24,78,0.6,50,0
24,79,0.6,50,0
24,80,0.6,50,0
24,81,0.6,50,0
24,82,0.6,50,0
24,83,0.6,50,0
24,84,0.6,50,0
24,85,0.6,50,0
24,86,0.6,50,0
24,87,0.6,50,0
24,88,0.6,50,0
24,89,0.6,50,0
24,90,0.6,50,0
24,91,0.6,50,0
24,92,0.6,50,0
24,93,0.6,50,0
24,94,0.6,50,0
24,95,0.6,50,0
24,96,0.6,50,0
24,97,0.6,50,0
24,98,0.6,50,0
24,99,0.6,50,0
24,100,0.6,50,0
24,101,0.6,50,0
24,102,0.6,50,0
24,103,0.6,50,0
24,104,0.6,50,0
24,105,0.6,50,0
24,106,0.6,50,0
24,107,0.6,50,1
24,108,0.6,50,0
24,109,0.6,50,0
24,110,0.6,50,0
24,111,0.6,50,0
24,112,0.6,50,0
24,113,0.6,50,0
24,114,0.6,50,0
24,115,0.6,50,0
24,116,0.6,50,0
24,117,0.6,50,0
24,118,0.6,50,0
24,119,0.6,50,0
24,120,0.6,50,0
24,121,0.6,50,0
24,122,0.6,50,0
24,123,0.6,50,0
24,124,0.6,50,0
24,125,0.6,50,0
24,126,0.6,50,0
24,127,0.6,50,0
24,128,0.6,50,0
24,129,0.6,50,0
24,130,0.6,50,0
24,131,0.6,50,0
24,132,0.6,50,0
24,133,0.6,50,0
24,134,0.6,50,0
24,135,0.6,50,0
24,136,0.6,50,0
24,137,0.6,50,0
24,138,0.6,50,0
25,0,0.6,50,0
25,1,0.6,50,0
25,2,0.6,50,0
25,3,0.6,50,0
25,4,0.6,50,0
25,5,0.6,50,0
25,6,0.6,50,0
25,7,0.6,50,0
25,8,0.6,50,0
25,9,0.6,50,0
25,10,0.6,50,0
25,11,0.6,50,0
25,12,0.6,50,0
25,13,0.6,50,0
25,14,0.6,50,0
25,15,0.6,50,0
25,16,0.6,50,0
25,17,0.6,50,0
25,18,0.6,50,0
25,19,0.6,50,0
25,20,0.6,50,0
25,21,0.6,50,0
25,22,0.6,50,0
25,23,0.6,50,0
25,24,0.6,50,0
25,25,0.6,50,0
25,26,0.6,50,0
25,27,0.6,50,0
25,28,0.6,50,0
25,29,0.6,50,0
25,30,0.6,50,0
25,31,0.6,50,0
25,32,0.6,50,0
25,33,0.6,50,0
25,34,0.6,50,0
25,35,0.6,50,0
25,36,0.6,50,0
25,37,0.6,50,0
25,38,0.6,50,0
25,39,0.6,50,0
25,40,0.6,50,0
25,41,0.6,50,0
25,42,0.6,50,0
25,43,0.6,50,0
25,44,0.6,50,0
25,45,0.6,50,0
25,46,0.6,50,0
25,47,0.6,50,0
25,48,0.6,50,0
25,49,0.6,50,0
25,50,0.6,50,0
25,51,0.6,50,0
25,52,0.6,50,0
25,53,0.6,50,0
25,54,0.6,50,0
25,55,0.6,50,0
25,56,0.6,50,0
25,57,0.6,50,0
25,58,0.6,50,0
25,59,0.6,50,0
25,60,0.6,50,0
25,61,0.6,50,0
25,62,0.6,50,0
25,63,0.6,50,0
25,64,0.6,50,0
25,65,0.6,50,0
25,66,0.6,50,0
25,67,0.6,50,0
25,68,0.6,50,0
25,69,0.6,50,0
25,70,0.6,50,0
25,71,0.6,50,0
25,72,0.6,50,0
25,73,0.6,50,0
25,74,0.6,50,0
25,75,0.6,50,0
25,76,0.6,50,0
25,77,0.6,50,0
25,78,0.6,50,2
25,79,0.6,50,0
25,80,0.6,50,0
25,81,0.6,50,0
25,82,0.6,50,0
25,83,0.6,50,0
25,84,0.6,50,0
25,85,0.6,50,0
25,86,0.6,50,0
25,87,0.6,50,0
25,88,0.6,50,0
25,89,0.6,50,0
25,90,0.6,50,0
25,91,0.6,50,0
25,92,0.6,50,0
25,93,0.6,50,0
25,94,0.6,50,0
25,95,0.6,50,0
25,96,0.6,50,0
25,97,0.6,50,0
25,98,0.6,50,0
25,99,0.6,50,0
25,100,0.6,50,0
25,101,0.6,50,0
25,102,0.6,50,0
25,103,0.6,50,0
25,104,0.6,50,0
25,105,0.6,50,0
25,106,0.6,50,0
25,107,0.6,50,0
25,108,0.6,50,0
25,109,0.6,50,0
25,110,0.6,50,0
25,111,0.6,50,0
25,112,0.6,50,0
25,113,0.6,50,0
25,114,0.6,50,0
25,115,0.6,50,0
25,116,0.6,50,0
25,117,0.6,50,0
25,118,0.6,50,0
25,119,0.6,50,0
25,120,0.6,50,0
25,121,0.6,50,0
25,122,0.6,50,0
25,123,0.6,50,0
25,124,0.6,50,0
25,125,0.6,50,0
25,126,0.6,50,0
25,127,0.6,50,0
25,128,0.6,50,0
25,129,0.6,50,0
25,130,0.6,50,0
25,131,0.6,50,0
25,132,0.6,50,0
25,133,0.6,50,0
25,134,0.6,50,0
25,135,0.6,50,0
25,136,0.6,50,0
25,137,0.6,50,0
25,138,0.6,50,0
25,139,0.6,50,0
25,140,0.6,50,0
25,141,0.6,50,0
25,142,0.6,50,0
25,143,0.6,50,0
25,144,0.6,50,0
25,145,0.6,50,0
25,146,0.6,50,0
25,147,0.6,50,0
25,148,0.6,50,0
25,149,0.6,50,0
25,150,0.6,50,0
26,0,0.6,50,0
26,1,0.6,50,0
26,2,0.6,50,0
26,3,0.6,50,0
26,4,0.6,50,0
26,5,0.6,50,0
26,6,0.6,50,0
26,7,0.6,50,0
26,8,0.6,50,1
26,9,0.6,50,0
26,10,0.6,50,0
26,11,0.6,50,0
26,12,0.6,50,0
26,13,0.6,50,0
26,14,0.6,50,0
26,15,0.6,50,0
26,16,0.6,50,0
26,17,0.6,50,0
26,18,0.6,50,0
26,19,0.6,50,0
26,20,0.6,50,0
26,21,0.6,50,0
26,22,0.6,50,0
26,23,0.6,50,0
26,24,0.6,50,0
26,25,0.6,50,0
26,26,0.6,50,0
26,27,0.6,50,0
26,28,0.6,50,0
26,29,0.6,50,0
26,30,0.6,50,0
26,31,0.6,50,0
26,32,0.6,50,0
26,33,0.6,50,0
26,34,0.6,50,0
26,35,0.6,50,0
26,36,0.6,50,0
26,37,0.6,50,0
26,38,0.6,50,0
26,39,0.6,50,0
26,40,0.6,50,0
26,41,0.6,50,0
26,42,0.6,50,0
26,43,0.6,50,0
26,44,0.6,50,0
26,45,0.6,50,0
26,46,0.6,50,0
26,47,0.6,50,0
26,48,0.6,50,0
26,49,0.6,50,0
26,50,0.6,50,0
26,51,0.6,50,0
26,52,0.6,50,0
26,53,0.6,50,0
26,54,0.6,50,0
26,55,0.6,50,0
26,56,0.6,50,0
26,57,0.6,50,0
26,58,0.6,50,0
26,59,0.6,50,0
26,60,0.6,50,0
26,61,0.6,50,0
26,62,0.6,50,0
26,63,0.6,50,0
26,64,0.6,50,0
26,65,0.6,50,0
26,66,0.6,50,0
26,67,0.6,50,0
26,68,0.6,50,0
26,69,0.6,50,0
26,70,0.6,50,0
26,71,0.6,50,0
26,72,0.6,50,0
26,73,0.6,50,0
26,74,0.6,50,0
26,75,0.6,50,0
26,76,0.6,50,0
26,77,0.6,50,0
26,78,0.6,50,0
26,79,0.6,50,0
26,80,0.6,50,0
26,81,0.6,50,0
26,82,0.6,50,0
26,83,0.6,50,0
26,84,0.6,50,0
26,85,0.6,50,0
26,86,0.6,50,0
26,87,0.6,50,0
26,88,0.6,50,0
26,89,0.6,50,0
26,90,0.6,50,0
26,91,0.6,50,0
26,92,0.6,50,0
26,93,0.6,50,0
26,94,0.6,50,0
26,95,0.6,50,0
26,96,0.6,50,0
26,97,0.6,50,0
26,98,0.6,50,0
26,99,0.6,50,0
26,100,0.6,50,0
26,101,0.6,50,0
26,102,0.6,50,0
26,103,0.6,50,0
26,104,0.6,50,0
26,105,0.6,50,0
26,106,0.6,50,0
26,107,0.6,50,0
26,108,0.6,50,0
26,109,0.6,50,0
26,110,0.6,50,0
26,111,0.6,50,0
26,112,0.6,50,0
26,113,0.6,50,0
26,114,0.6,50,0
26,115,0.6,50,0
26,116,0.6,50,0
26,117,0.6,50,0
26,118,0.6,50,0
26,119,0.6,50,0
26,120,0.6,50,0
26,121,0.6,50,0
26,122,0.6,50,0
26,123,0.6,50,0
26,124,0.6,50,0
26,125,0.6,50,0
26,126,0.6,50,0
26,127,0.6,50,0
26,128,0.6,50,0
26,129,0.6,50,0
26,130,0.6,50,0
26,131,0.6,50,0
26,132,0.6,50,0
26,133,0.6,50,0
26,134,0.6,50,0
26,135,0.6,50,0
26,136,0.6,50,0
26,137,0.6,50,0
26,138,0.6,50,0
26,139,0.6,50,0
26,140,0.6,50,0
26,141,0.6,50,0
26,142,0.6,50,0
26,143,0.6,50,0
26,144,0.6,50,0
26,145,0.6,50,0
26,146,0.6,50,0
26,147,0.6,50,0
26,148,0.6,50,0
26,149,0.6,50,0
26,150,0.6,50,0
26,151,0.6,50,0
26,152,0.6,50,0
26,153,0.6,50,0
26,154,0.6,50,0
26,155,0.6,50,0
26,156,0.6,50,0
26,157,0.6,50,0
26,158,0.6,50,0
26,159,0.6,50,0
26,160,0.6,50,0
26,161,0.6,50,0
26,162,0.6,50,0
27,0,0.6,50,0
27,1,0.6,50,0
27,2,0.6,50,0
27,3,0.6,50,0
27,4,0.6,50,0
27,5,0.6,50,0
27,6,0.6,50,0
27,7,0.6,50,0
27,8,0.6,50,0
27,9,0.6,50,0
27,10,0.6,50,0
27,11,0.6,50,0
27,12,0.6,50,0
27,13,0.6,50,0
27,14,0.6,50,0
27,15,0.6,50,0
27,16,0.6,50,0
27,17,0.6,50,0
27,18,0.6,50,0
27,19,0.6,50,0
27,20,0.6,50,0
27,21,0.6,50,0
27,22,0.6,50,0
27,23,0.6,50,0
27,24,0.6,50,0
27,25,0.6,50,0
27,26,0.6,50,0
27,27,0.6,50,0
27,28,0.6,50,0
27,29,0.6,50,0
27,30,0.6,50,0
27,31,0.6,50,0
27,32,0.6,50,0
27,33,0.6,50,0
27,34,0.6,50,0
27,35,0.6,50,0
27,36,0.6,50,0
27,37,0.6,50,0
27,38,0.6,50,0
27,39,0.6,50,0
27,40,0.6,50,0
27,41,0.6,50,0
27,42,0.6,50,0
27,43,0.6,50,0
27,44,0.6,50,0
27,45,0.6,50,0
27,46,0.6,50,0
27,47,0.6,50,0
27,48,0.6,50,0
27,49,0.6,50,0
27,50,0.6,50,0
27,51,0.6,50,0
27,52,0.6,50,0
27,53,0.6,50,0
27,54,0.6,50,0
27,55,0.6,50,0
27,56,0.6,50,0
27,57,0.6,50,0
27,58,0.6,50,0
27,59,0.6,50,0
27,60,0.6,50,0
27,61,0.6,50,0
27,62,0.6,50,0
27,63,0.6,50,0
27,64,0.6,50,0
27,65,0.6,50,0
27,66,0.6,50,0
27,67,0.6,50,0
27,68,0.6,50,0
27,69,0.6,50,0
27,70,0.6,50,0
27,71,0.6,50,0
27,72,0.6,50,0
27,73,0.6,50,0
27,74,0.6,50,0
27,75,0.6,50,0
27,76,0.6,50,0
27,77,0.6,50,0
27,78,0.6,50,0
27,79,0.6,50,0
27,80,0.6,50,0
27,81,0.6,50,0
27,82,0.6,50,0
27,83,0.6,50,0
27,84,0.6,50,0
27,85,0.6,50,0
27,86,0.6,50,0
27,87,0.6,50,0
27,88,0.6,50,0
27,89,0.6,50,0
27,90,0.6,50,0
27,91,0.6,50,0
27,92,0.6,50,0
27,93,0.6,50,0
27,94,0.6,50,0
27,95,0.6,50,0
27,96,0.6,50,0
27,97,0.6,50,0
27,98,0.6,50,0
27,99,0.6,50,0
27,100,0.6,50,0
27,101,0.6,50,0
27,102,0.6,50,0
27,103,0.6,50,0
27,104,0.6,50,0
27,105,0.6,50,0
27,106,0.6,50,0
27,107,0.6,50,0
27,108,0.6,50,0
27,109,0.6,50,0
27,110,0.6,50,0
27,111,0.6,50,0
27,112,0.6,50,0
27,113,0.6,50,0
27,114,0.6,50,0
27,115,0.6,50,0
27,116,0.6,50,0
27,117,0.6,50,0
27,118,0.6,50,0
27,119,0.6,50,0
27,120,0.6,50,0
27,121,0.6,50,0
27,122,0.6,50,0
27,123,0.6,50,0
27,124,0.6,50,0
27,125,0.6,50,0
27,126,0.6,50,0
27,127,0.6,50,0
27,128,0.6,50,0
27,129,0.6,50,0
27,130,0.6,50,0
27,131,0.6,50,0
27,132,0.6,50,0
27,133,0.6,50,0
27,134,0.6,50,0
27,135,0.6,50,0
27,136,0.6,50,0
27,137,0.6,50,0
27,138,0.6,50,0
27,139,0.6,50,0
27,140,0.6,50,0
27,141,0.6,50,0
27,142,0.6,50,0
27,143,0.6,50,0
27,144,0.6,50,0
27,145,0.6,50,0
27,146,0.6,50,0
27,147,0.6,50,0
27,148,0.6,50,1
27,149,0.6,50,0
27,150,0.6,50,0
27,151,0.6,50,0
27,152,0.6,50,0
27,153,0.6,50,0
27,154,0.6,50,0
27,155,0.6,50,0
27,156,0.6,50,0
27,157,0.6,50,0
27,158,0.6,50,0
27,159,0.6,50,0
27,160,0.6,50,0
27,161,0.6,50,0
27,162,0.6,50,0
27,163,0.6,50,0
27,164,0.6,50,0
27,165,0.6,50,0
27,166,0.6,50,0
27,167,0.6,50,0
27,168,0.6,50,0
27,169,0.6,50,0
27,170,0.6,50,0
27,171,0.6,50,0
27,172,0.6,50,0
27,173,0.6,50,0
27,174,0.6,50,0
27,175,0.6,50,0
28,0,0.6,50,0
28,1,0.6,50,0
28,2,0.6,50,0
28,3,0.6,50,0
28,4,0.6,50,0
28,5,0.6,50,0
28,6,0.6,50,0
28,7,0.6,50,0
28,8,0.6,50,0
28,9,0.6,50,0
28,10,0.6,50,0
28,11,0.6,50,0
28,12,0.6,50,0
28,13,0.6,50,0
28,14,0.6,50,0
28,15,0.6,50,0
28,16,0.6,50,0
28,17,0.6,50,0
28,18,0.6,50,0
28,19,0.6,50,0
28,20,0.6,50,0
28,21,0.6,50,0
28,22,0.6,50,0
28,23,0.6,50,0
28,24,0.6,50,0
28,25,0.6,50,0
28,26,0.6,50,0
28,27,0.6,50,0
28,28,0.6,50,0
28,29,0.6,50,0
28,30,0.6,50,0
28,31,0.6,50,0
28,32,0.6,50,0
28,33,0.6,50,0
28,34,0.6,50,0
28,35,0.6,50,0
28,36,0.6,50,0
28,37,0.6,50,0
28,38,0.6,50,0
28,39,0.6,50,0
28,40,0.6,50,0
28,41,0.6,50,0
28,42,0.6,50,0
28,43,0.6,50,0
28,44,0.6,50,0
28,45,0.6,50,0
28,46,0.6,50,0
28,47,0.6,50,0
28,48,0.6,50,0
28,49,0.6,50,0
28,50,0.6,50,0
28,51,0.6,50,0
28,52,0.6,50,0
28,53,0.6,50,0
28,54,0.6,50,0
28,55,0.6,50,0
28,56,0.6,50,0
28,57,0.6,50,0
28,58,0.6,50,0
28,59,0.6,50,0
28,60,0.6,50,0
28,61,0.6,50,0
28,62,0.6,50,0
28,63,0.6,50,0
28,64,0.6,50,0
28,65,0.6,50,0
28,66,0.6,50,0
28,67,0.6,50,0
28,68,0.6,50,0
28,69,0.6,50,0
28,70,0.6,50,0
28,71,0.6,50,0
28,72,0.6,50,0
28,73,0.6,50,0
28,74,0.6,50,0
28,75,0.6,50,0
28,76,0.6,50,0
28,77,0.6,50,0
28,78,0.6,50,0
28,79,0.6,50,0
28,80,0.6,50,0
28,81,0.6,50,0
28,82,0.6,50,0
28,83,0.6,50,0
28,84,0.6,50,0
28,85,0.6,50,0
28,86,0.6,50,0
28,87,0.6,50,0
28,88,0.6,50,0
28,89,0.6,50,0
28,90,0.6,50,0
28,91,0.6,50,0
28,92,0.6,50,0
28,93,0.6,50,0
28,94,0.6,50,0
28,95,0.6,50,0
28,96,0.6,50,0
28,97,0.6,50,0
28,98,0.6,50,0
28,99,0.6,50,0
28,100,0.6,50,0
28,101,0.6,50,0
28,102,0.6,50,0
28,103,0.6,50,0
28,104,0.6,50,0
28,105,0.6,50,0
28,106,0.6,50,0
28,107,0.6,50,0
28,108,0.6,50,0
28,109,0.6,50,0
28,110,0.6,50,0
28,111,0.6,50,0
28,112,0.6,50,0
28,113,0.6,50,0
28,114,0.6,50,0
28,115,0.6,50,0
28,116,0.6,50,0
28,117,0.6,50,0
28,118,0.6,50,0
28,119,0.6,50,0
28,120,0.6,50,0
28,121,0.6,50,0
28,122,0.6,50,0
28,123,0.6,50,0
28,124,0.6,50,0
28,125,0.6,50,0
28,126,0.6,50,0
28,127,0.6,50,0
28,128,0.6,50,0
28,129,0.6,50,0
28,130,0.6,50,0
28,131,0.6,50,0
28,132,0.6,50,0
28,133,0.6,50,0
28,134,0.6,50,0
28,135,0.6,50,0
28,136,0.6,50,0
28,137,0.6,50,0
28,138,0.6,50,0
28,139,0.6,50,0
28,140,0.6,50,0
28,141,0.6,50,0
28,142,0.6,50,0
28,143,0.6,50,0
28,144,0.6,50,0
28,145,0.6,50,0
28,146,0.6,50,0
28,147,0.6,50,0
28,148,0.6,50,0
28,149,0.6,50,0
28,150,0.6,50,0
28,151,0.6,50,0
28,152,0.6,50,0
28,153,0.6,50,0
28,154,0.6,50,0
28,155,0.6,50,0
28,156,0.6,50,2
28,157,0.6,50,0
28,158,0.6,50,0
28,159,0.6,50,0
28,160,0.6,50,0
28,161,0.6,50,0
28,162,0.6,50,0
28,163,0.6,50,0
28,164,0.6,50,0
28,165,0.6,50,0
28,166,0.6,50,0
28,167,0.6,50,0
28,168,0.6,50,0
28,169,0.6,50,0
28,170,0.6,50,0
28,171,0.6,50,0
28,172,0.6,50,0
28,173,0.6,50,0
28,174,0.6,50,0
28,175,0.6,50,0
28,176,0.6,50,0
28,177,0.6,50,0
28,178,0.6,50,0
28,179,0.6,50,0
28,180,0.6,50,0
28,181,0.6,50,0
28,182,0.6,50,0
28,183,0.6,50,0
28,184,0.6,50,0
28,185,0.6,50,0
28,186,0.6,50,0
28,187,0.6,50,0
28,188,0.6,50,0
28,189,0.6,50,0
29,0,0.6,50,0
29,1,0.6,50,0
29,2,0.6,50,0
29,3,0.6,50,0
29,4,0.6,50,0
29,5,0.6,50,0
29,6,0.6,50,0
29,7,0.6,50,0
29,8,0.6,50,0
29,9,0.6,50,0
29,10,0.6,50,0
29,11,0.6,50,0
29,12,0.6,50,0
29,13,0.6,50,0
29,14,0.6,50,0
29,15,0.6,50,0
29,16,0.6,50,0
29,17,0.6,50,0
29,18,0.6,50,0
29,19,0.6,50,0
29,20,0.6,50,0
29,21,0.6,50,0
29,22,0.6,50,0
29,23,0.6,50,0
29,24,0.6,50,0
29,25,0.6,50,0
29,26,0.6,50,0
29,27,0.6,50,0
29,28,0.6,50,0
29,29,0.6,50,0
29,30,0.6,50,0
29,31,0.6,50,0
29,32,0.6,50,0
29,33,0.6,50,0
29,34,0.6,50,0
29,35,0.6,50,0
29,36,0.6,50,0
29,37,0.6,50,0
29,38,0.6,50,0
29,39,0.6,50,0
29,40,0.6,50,0
29,41,0.6,50,0
29,42,0.6,50,0
29,43,0.6,50,0
29,44,0.6,50,0
29,45,0.6,50,0
29,46,0.6,50,0
29,47,0.6,50,0
29,48,0.6,50,0
29,49,0.6,50,0
29,50,0.6,50,0
29,51,0.6,50,0
29,52,0.6,50,0
29,53,0.6,50,0
29,54,0.6,50,0
29,55,0.6,50,0
29,56,0.6,50,0
29,57,0.6,50,0
29,58,0.6,50,0
29,59,0.6,50,0
29,60,0.6,50,0
29,61,0.6,50,0
29,62,0.6,50,0
29,63,0.6,50,0
29,64,0.6,50,0
29,65,0.6,50,0
29,66,0.6,50,0
29,67,0.6,50,0
29,68,0.6,50,0
29,69,0.6,50,0
29,70,0.6,50,0
29,71,0.6,50,0
29,72,0.6,50,0
29,73,0.6,50,0
29,74,0.6,50,0
29,75,0.6,50,0
29,76,0.6,50,0
29,77,0.6,50,0
29,78,0.6,50,0
29,79,0.6,50,0
29,80,0.6,50,0
29,81,0.6,50,0
29,82,0.6,50,0
29,83,0.6,50,0
29,84,0.6,50,0
29,85,0.6,50,0
29,86,0.6,50,1
29,87,0.6,50,0
29,88,0.6,50,0
29,89,0.6,50,0
29,90,0.6,50,0
29,91,0.6,50,0
29,92,0.6,50,0
29,93,0.6,50,0
29,94,0.6,50,0
29,95,0.6,50,0
29,96,0.6,50,0
29,97,0.6,50,0
29,98,0.6,50,0
29,99,0.6,50,0
29,100,0.6,50,0
29,101,0.6,50,0
29,102,0.6,50,0
29,103,0.6,50,0
29,104,0.6,50,0
29,105,0.6,50,0
29,106,0.6,50,0
29,107,0.6,50,0
29,108,0.6,50,0
29,109,0.6,50,0
29,110,0.6,50,0
29,111,0.6,50,0
29,112,0.6,50,0
29,113,0.6,50,0
29,114,0.6,50,0
29,115,0.6,50,0
29,116,0.6,50,0
29,117,0.6,50,0
29,118,0.6,50,0
29,119,0.6,50,0
29,120,0.6,50,0
29,121,0.6,50,0
29,122,0.6,50,0
29,123,0.6,50,0
29,124,0.6,50,0
29,125,0.6,50,0
29,126,0.6,50,0
29,127,0.6,50,0
29,128,0.6,50,0
29,129,0.6,50,0
29,130,0.6,50,0
29,131,0.6,50,0
29,132,0.6,50,0
29,133,0.6,50,0
29,134,0.6,50,0
29,135,0.6,50,0
29,136,0.6,50,0
29,137,0.6,50,0
29,138,0.6,50,0
29,139,0.6,50,0
29,140,0.6,50,0
29,141,0.6,50,0
29,142,0.6,50,0
29,143,0.6,50,0
29,144,0.6,50,0
29,145,0.6,50,0
29,146,0.6,50,0
29,147,0.6,50,0
29,148,0.6,50,0
29,149,0.6,50,0
29,150,0.6,50,0
29,151,0.6,50,0
29,152,0.6,50,0
29,153,0.6,50,0
29,154,0.6,50,0
29,155,0.6,50,0
29,156,0.6,50,0
29,157,0.6,50,0
29,158,0.6,50,0
29,159,0.6,50,0
29,160,0.6,50,0
29,161,0.6,50,0
29,162,0.6,50,0
29,163,0.6,50,0
29,164,0.6,50,0
29,165,0.6,50,0
29,166,0.6,50,0
29,167,0.6,50,0
29,168,0.6,50,0
29,169,0.6,50,0
29,170,0.6,50,0
29,171,0.6,50,0
29,172,0.6,50,0
29,173,0.6,50,0
29,174,0.6,50,0
29,175,0.6,50,0
29,176,0.6,50,0
29,177,0.6,50,0
29,178,0.6,50,0
29,179,0.6,50,0
29,180,0.6,50,0
29,181,0.6,50,0
29,182,0.6,50,0
29,183,0.6,50,0
29,184,0.6,50,0
29,185,0.6,50,0
29,186,0.6,50,0
29,187,0.6,50,0
29,188,0.6,50,0
29,189,0.6,50,0
29,190,0.6,50,0
29,191,0.6,50,0
29,192,0.6,50,0
29,193,0.6,50,0
29,194,0.6,50,0
29,195,0.6,50,0
29,196,0.6,50,0
29,197,0.6,50,0
29,198,0.6,50,0
29,199,0.6,50,0
29,200,0.6,50,0
29,201,0.6,50,0
29,202,0.6,50,1
29,203,0.6,50,0
30,0,0.6,50,0
30,1,0.6,50,0
30,2,0.6,50,0
30,3,0.6,50,0
30,4,0.6,50,0
30,5,0.6,50,0
30,6,0.6,50,0
30,7,0.6,50,0
30,8,0.6,50,0
30,9,0.6,50,0
30,10,0.6,50,0
30,11,0.6,50,0
30,12,0.6,50,0
30,13,0.6,50,0
30,14,0.6,50,0
30,15,0.6,50,0
30,16,0.6,50,0
30,17,0.6,50,0
30,18,0.6,50,0
30,19,0.6,50,0
30,20,0.6,50,0
30,21,0.6,50,0
30,22,0.6,50,0
30,23,0.6,50,0
30,24,0.6,50,0
30,25,0.6,50,0
30,26,0.6,50,0
30,27,0.6,50,0
30,28,0.6,50,0
30,29,0.6,50,0
30,30,0.6,50,0
30,31,0.6,50,0
30,32,0.6,50,0
30,33,0.6,50,0
30,34,0.6,50,0
30,35,0.6,50,0
30,36,0.6,50,0
30,37,0.6,50,0
30,38,0.6,50,0
30,39,0.6,50,0
30,40,0.6,50,0
30,41,0.6,50,0
30,42,0.6,50,0
30,43,0.6,50,0
30,44,0.6,50,0
30,45,0.6,50,0
30,46,0.6,50,0
30,47,0.6,50,0
30,48,0.6,50,0
30,49,0.6,50,0
30,50,0.6,50,0
30,51,0.6,50,0
30,52,0.6,50,0
30,53,0.6,50,0
30,54,0.6,50,0
30,55,0.6,50,0
30,56,0.6,50,0
30,57,0.6,50,0
30,58,0.6,50,0
30,59,0.6,50,0
30,60,0.6,50,0
30,61,0.6,50,0
30,62,0.6,50,0
30,63,0.6,50,0
30,64,0.6,50,0
30,65,0.6,50,0
30,66,0.6,50,0
30,67,0.6,50,0
30,68,0.6,50,0
30,69,0.6,50,0
30,70,0.6,50,0
30,71,0.6,50,0
30,72,0.6,50,0
30,73,0.6,50,0
30,74,0.6,50,0
30,75,0.6,50,0
30,76,0.6,50,0
30,77,0.6,50,0
30,78,0.6,50,0
30,79,0.6,50,0
30,80,0.6,50,0
30,81,0.6,50,0
30,82,0.6,50,0
30,83,0.6,50,0
30,84,0.6,50,0
30,85,0.6,50,0
30,86,0.6,50,0
30,87,0.6,50,0
30,88,0.6,50,0
30,89,0.6,50,0
30,90,0.6,50,0
30,91,0.6,50,0
30,92,0.6,50,0
30,93,0.6,50,0
30,94,0.6,50,0
30,95,0.6,50,0
30,96,0.6,50,0
30,97,0.6,50,0
30,98,0.6,50,0
30,99,0.6,50,0
30,100,0.6,50,0
30,101,0.6,50,0
30,102,0.6,50,0
30,103,0.6,50,0
30,104,0.6,50,0
30,105,0.6,50,0
30,106,0.6,50,0
30,107,0.6,50,0
30,108,0.6,50,0
30,109,0.6,50,0
30,110,0.6,50,0
30,111,0.6,50,0
30,112,0.6,50,0
30,113,0.6,50,0
30,114,0.6,50,0
30,115,0.6,50,0
30,116,0.6,50,0
30,117,0.6,50,0
30,118,0.6,50,0
30,119,0.6,50,0
30,120,0.6,50,0
30,121,0.6,50,0
30,122,0.6,50,0
30,123,0.6,50,0
30,124,0.6,50,0
30,125,0.6,50,0
30,126,0.6,50,0
30,127,0.6,50,0
30,128,0.6,50,0
30,129,0.6,50,0
30,130,0.6,50,0
30,131,0.6,50,0
30,132,0.6,50,0
30,133,0.6,50,0
30,134,0.6,50,0
30,135,0.6,50,0
30,136,0.6,50,0
30,137,0.6,50,0
30,138,0.6,50,0
30,139,0.6,50,0
30,140,0.6,50,0
30,141,0.6,50,0
30,142,0.6,50,0
30,143,0.6,50,0
30,144,0.6,50,0
30,145,0.6,50,0
30,146,0.6,50,0
30,147,0.6,50,0
30,148,0.6,50,0
30,149,0.6,50,0
30,150,0.6,50,0
30,151,0.6,50,0
30,152,0.6,50,0
30,153,0.6,50,0
30,154,0.6,50,0
30,155,0.6,50,0
30,156,0.6,50,0
30,157,0.6,50,0
30,158,0.6,50,0
30,159,0.6,50,0
30,160,0.6,50,0
30,161,0.6,50,0
30,162,0.6,50,0
30,163,0.6,50,0
30,164,0.6,50,0
30,165,0.6,50,0
30,166,0.6,50,0
30,167,0.6,50,0
30,168,0.6,50,0
30,169,0.6,50,0
30,170,0.6,50,0
30,171,0.6,50,0
30,172,0.6,50,0
30,173,0.6,50,0
30,174,0.6,50,0
30,175,0.6,50,0
30,176,0.6,50,0
30,177,0.6,50,0
30,178,0.6,50,0
30,179,0.6,50,0
30,180,0.6,50,0
30,181,0.6,50,0
30,182,0.6,50,0
30,183,0.6,50,0
30,184,0.6,50,0
30,185,0.6,50,0
30,186,0.6,50,0
30,187,0.6,50,0
30,188,0.6,50,0
30,189,0.6,50,0
30,190,0.6,50,0
30,191,0.6,50,0
30,192,0.6,50,0
30,193,0.6,50,0
30,194,0.6,50,0
30,195,0.6,50,0
30,196,0.6,50,0
30,197,0.6,50,0
30,198,0.6,50,0
30,199,0.6,50,0
30,200,0.6,50,0
30,201,0.6,50,0
30,202,0.6,50,0
30,203,0.6,50,0
30,204,0.6,50,0
30,205,0.6,50,0
30,206,0.6,50,0
30,207,0.6,50,0
30,208,0.6,50,0
30,209,0.6,50,0
30,210,0.6,50,0
30,211,0.6,50,0
30,212,0.6,50,0
30,213,0.6,50,0
30,214,0.6,50,0
30,215,0.6,50,0
30,216,0.6,50,0
30,217,0.6,50,0
31,0,0.6,50,0
31,1,0.6,50,0
31,2,0.6,50,0
31,3,0.6,50,0
31,4,0.6,50,0
31,5,0.6,50,0
31,6,0.6,50,0
31,7,0.6,50,0
31,8,0.6,50,0
31,9,0.6,50,0
31,10,0.6,50,0
31,11,0.6,50,0
31,12,0.6,50,0
31,13,0.6,50,0
31,14,0.6,50,0
31,15,0.6,50,0
31,16,0.6,50,0
31,17,0.6,50,0
31,18,0.6,50,0
31,19,0.6,50,0
31,20,0.6,50,0
31,21,0.6,50,0
31,22,0.6,50,0
31,23,0.6,50,0
31,24,0.6,50,0
31,25,0.6,50,0
31,26,0.6,50,0
31,27,0.6,50,0
31,28,0.6,50,0
31,29,0.6,50,0
31,30,0.6,50,0
31,31,0.6,50,0
31,32,0.6,50,0
31,33,0.6,50,0
31,34,0.6,50,0
31,35,0.6,50,0
31,36,0.6,50,0
31,37,0.6,50,0
31,38,0.6,50,0
31,39,0.6,50,0
31,40,0.6,50,0
31,41,0.6,50,0
31,42,0.6,50,0
31,43,0.6,50,0
31,44,0.6,50,0
31,45,0.6,50,0
31,46,0.6,50,0
31,47,0.6,50,0
31,48,0.6,50,0
31,49,0.6,50,0
31,50,0.6,50,0
31,51,0.6,50,0
31,52,0.6,50,0
31,53,0.6,50,0
31,54,0.6,50,0
31,55,0.6,50,0
31,56,0.6,50,0
31,57,0.6,50,0
31,58,0.6,50,0
31,59,0.6,50,0
31,60,0.6,50,0
31,61,0.6,50,0
31,62,0.6,50,0
31,63,0.6,50,0
31,64,0.6,50,0
31,65,0.6,50,0
31,66,0.6,50,0
31,67,0.6,50,0
31,68,0.6,50,0
31,69,0.6,50,0
31,70,0.6,50,0
31,71,0.6,50,0
31,72,0.6,50,0
31,73,0.6,50,0
31,74,0.6,50,0
31,75,0.6,50,0
31,76,0.6,50,0
31,77,0.6,50,0
31,78,0.6,50,0
31,79,0.6,50,0
31,80,0.6,50,0
31,81,0.6,50,0
31,82,0.6,50,0
31,83,0.6,50,0
31,84,0.6,50,0
31,85,0.6,50,0
31,86,0.6,50,0
31,87,0.6,50,0
31,88,0.6,50,0
31,89,0.6,50,0
31,90,0.6,50,0
31,91,0.6,50,0
31,92,0.6,50,0
31,93,0.6,50,0
31,94,0.6,50,0
31,95,0.6,50,0
31,96,0.6,50,0
31,97,0.6,50,0
31,98,0.6,50,0
31,99,0.6,50,0
31,100,0.6,50,0
31,101,0.6,50,0
31,102,0.6,50,0
31,103,0.6,50,0
31,104,0.6,50,0
31,105,0.6,50,0
31,106,0.6,50,0
31,107,0.6,50,0
31,108,0.6,50,0
31,109,0.6,50,0
31,110,0.6,50,0
31,111,0.6,50,0
31,112,0.6,50,0
31,113,0.6,50,0
31,114,0.6,50,0
31,115,0.6,50,0
31,116,0.6,50,0
31,117,0.6,50,0
31,118,0.6,50,0
31,119,0.6,50,0
31,120,0.6,50,0
31,121,0.6,50,0
31,122,0.6,50,0
31,123,0.6,50,0
31,124,0.6,50,0
31,125,0.6,50,0
31,126,0.6,50,0
31,127,0.6,50,0
31,128,0.6,50,0
31,129,0.6,50,0
31,130,0.6,50,0
31,131,0.6,50,0
31,132,0.6,50,0
31,133,0.6,50,0
31,134,0.6,50,0
31,135,0.6,50,0
31,136,0.6,50,0
31,137,0.6,50,0
31,138,0.6,50,0
31,139,0.6,50,0
31,140,0.6,50,0
31,141,0.6,50,0
31,142,0.6,50,0
31,143,0.6,50,0
31,144,0.6,50,0
31,145,0.6,50,0
31,146,0.6,50,0
31,147,0.6,50,0
31,148,0.6,50,0
31,149,0.6,50,0
31,150,0.6,50,0
31,151,0.6,50,0
31,152,0.6,50,0
31,153,0.6,50,0
31,154,0.6,50,0
31,155,0.6,50,0
31,156,0.6,50,0
31,157,0.6,50,0
31,158,0.6,50,0
31,159,0.6,50,0
31,160,0.6,50,0
31,161,0.6,50,0
31,162,0.6,50,0
31,163,0.6,50,0
31,164,0.6,50,0
31,165,0.6,50,0
31,166,0.6,50,0
31,167,0.6,50,0
31,168,0.6,50,0
31,169,0.6,50,0
31,170,0.6,50,0
31,171,0.6,50,0
31,172,0.6,50,0
31,173,0.6,50,0
31,174,0.6,50,0
31,175,0.6,50,0
31,176,0.6,50,0
31,177,0.6,50,0
31,178,0.6,50,0
31,179,0.6,50,0
31,180,0.6,50,0
31,181,0.6,50,0
31,182,0.6,50,0
31,183,0.6,50,0
31,184,0.6,50,0
31,185,0.6,50,0
31,186,0.6,50,0
31,187,0.6,50,0
31,188,0.6,50,0
31,189,0.6,50,0
31,190,0.6,50,0
31,191,0.6,50,0
31,192,0.6,50,0
31,193,0.6,50,0
31,194,0.6,50,0
31,195,0.6,50,0
31,196,0.6,50,0
31,197,0.6,50,0
31,198,0.6,50,0
31,199,0.6,50,0
31,200,0.6,50,0
31,201,0.6,50,0
31,202,0.6,50,0
31,203,0.6,50,0
31,204,0.6,50,0
31,205,0.6,50,0
31,206,0.6,50,0
31,207,0.6,50,0
31,208,0.6,50,0
31,209,0.6,50,0
31,210,0.6,50,0
31,211,0.6,50,0
31,212,0.6,50,0
31,213,0.6,50,2
31,214,0.6,50,0
31,215,0.6,50,0
31,216,0.6,50,0
31,217,0.6,50,0
31,218,0.6,50,0
31,219,0.6,50,0
31,220,0.6,50,0
31,221,0.6,50,0
31,222,0.6,50,0
31,223,0.6,50,0
31,224,0.6,50,0
31,225,0.6,50,0
31,226,0.6,50,0
31,227,0.6,50,0
31,228,0.6,50,0
31,229,0.6,50,0
31,230,0.6,50,0
31,231,0.6,50,0
31,232,0.6,50,0
32,0,0.6,50,0
32,1,0.6,50,1
32,2,0.6,50,0
32,3,0.6,50,0
32,4,0.6,50,0
32,5,0.6,50,0
32,6,0.6,50,0
32,7,0.6,50,0
32,8,0.6,50,0
32,9,0.6,50,0
32,10,0.6,50,0
32,11,0.6,50,0
32,12,0.6,50,0
32,13,0.6,50,0
32,14,0.6,50,0
32,15,0.6,50,0
32,16,0.6,50,0
32,17,0.6,50,0
32,18,0.6,50,0
32,19,0.6,50,0
32,20,0.6,50,0
32,21,0.6,50,0
32,22,0.6,50,0
32,23,0.6,50,0
32,24,0.6,50,0
32,25,0.6,50,0
32,26,0.6,50,0
32,27,0.6,50,0
32,28,0.6,50,0
32,29,0.6,50,0
32,30,0.6,50,0
32,31,0.6,50,0
32,32,0.6,50,0
32,33,0.6,50,0
32,34,0.6,50,0
32,35,0.6,50,0
32,36,0.6,50,0
32,37,0.6,50,0
32,38,0.6,50,0
32,39,0.6,50,0
32,40,0.6,50,0
32,41,0.6,50,0
32,42,0.6,50,0
32,43,0.6,50,0
32,44,0.6,50,0
32,45,0.6,50,0
32,46,0.6,50,0
32,47,0.6,50,0
32,48,0.6,50,0
32,49,0.6,50,0
32,50,0.6,50,0
32,51,0.6,50,0
32,52,0.6,50,0
32,53,0.6,50,0
32,54,0.6,50,0
32,55,0.6,50,0
32,56,0.6,50,0
32,57,0.6,50,0
32,58,0.6,50,0
32,59,0.6,50,0
32,60,0.6,50,0
32,61,0.6,50,0
32,62,0.6,50,0
32,63,0.6,50,0
32,64,0.6,50,0
32,65,0.6,50,0
32,66,0.6,50,0
32,67,0.6,50,0
32,68,0.6,50,0
32,69,0.6,50,0
32,70,0.6,50,0
32,71,0.6,50,0
32,72,0.6,50,0
32,73,0.6,50,0
32,74,0.6,50,0
32,75,0.6,50,0
32,76,0.6,50,0
32,77,0.6,50,0
32,78,0.6,50,0
32,79,0.6,50,0
32,80,0.6,50,0
32,81,0.6,50,0
32,82,0.6,50,0
32,83,0.6,50,0
32,84,0.6,50,0
32,85,0.6,50,0
32,86,0.6,50,0
32,87,0.6,50,0
32,88,0.6,50,0
32,89,0.6,50,0
32,90,0.6,50,0
32,91,0.6,50,0
32,92,0.6,50,0
32,93,0.6,50,0
32,94,0.6,50,0
32,95,0.6,50,3
32,96,0.6,50,0
32,97,0.6,50,0
32,98,0.6,50,0
32,99,0.6,50,0
32,100,0.6,50,0
32,101,0.6,50,0
32,102,0.6,50,0
32,103,0.6,50,0
32,104,0.6,50,0
32,105,0.6,50,0
32,106,0.6,50,0
32,107,0.6,50,0
32,108,0.6,50,0
32,109,0.6,50,0
32,110,0.6,50,0
32,111,0.6,50,0
32,112,0.6,50,0
32,113,0.6,50,0
32,114,0.6,50,0
32,115,0.6,50,0
32,116,0.6,50,0
32,117,0.6,50,0
32,118,0.6,50,0
32,119,0.6,50,0
32,120,0.6,50,0
32,121,0.6,50,0
32,122,0.6,50,0
32,123,0.6,50,0
32,124,0.6,50,0
32,125,0.6,50,0
32,126,0.6,50,0
32,127,0.6,50,0
32,128,0.6,50,0
32,129,0.6,50,0
32,130,0.6,50,0
32,131,0.6,50,0
32,132,0.6,50,0
32,133,0.6,50,0
32,134,0.6,50,0
32,135,0.6,50,0
32,136,0.6,50,0
32,137,0.6,50,0
32,138,0.6,50,0
32,139,0.6,50,0
32,140,0.6,50,0
32,141,0.6,50,0
32,142,0.6,50,1
32,143,0.6,50,0
32,144,0.6,50,0
32,145,0.6,50,0
32,146,0.6,50,0
32,147,0.6,50,0
32,148,0.6,50,0
32,149,0.6,50,0
32,150,0.6,50,0
32,151,0.6,50,0
32,152,0.6,50,0
32,153,0.6,50,0
32,154,0.6,50,0
32,155,0.6,50,0
32,156,0.6,50,0
32,157,0.6,50,0
32,158,0.6,50,0
32,159,0.6,50,0
32,160,0.6,50,0
32,161,0.6,50,0
32,162,0.6,50,0
32,163,0.6,50,0
32,164,0.6,50,0
32,165,0.6,50,0
32,166,0.6,50,0
32,167,0.6,50,0
32,168,0.6,50,0
32,169,0.6,50,0
32,170,0.6,50,0
32,171,0.6,50,0
32,172,0.6,50,0
32,173,0.6,50,0
32,174,0.6,50,0
32,175,0.6,50,0
32,176,0.6,50,0
32,177,0.6,50,0
32,178,0.6,50,0
32,179,0.6,50,0
32,180,0.6,50,0
32,181,0.6,50,0
32,182,0.6,50,0
32,183,0.6,50,0
32,184,0.6,50,0
32,185,0.6,50,0
32,186,0.6,50,0
32,187,0.6,50,0
32,188,0.6,50,0
32,189,0.6,50,0
32,190,0.6,50,0
32,191,0.6,50,0
32,192,0.6,50,0
32,193,0.6,50,0
32,194,0.6,50,0
32,195,0.6,50,0
32,196,0.6,50,0
32,197,0.6,50,0
32,198,0.6,50,0
32,199,0.6,50,0
32,200,0.6,50,0
32,201,0.6,50,0
32,202,0.6,50,0
32,203,0.6,50,0
32,204,0.6,50,0
32,205,0.6,50,0
32,206,0.6,50,0
32,207,0.6,50,0
32,208,0.6,50,0
32,209,0.6,50,0
32,210,0.6,50,0
32,211,0.6,50,0
32,212,0.6,50,0
32,213,0.6,50,0
32,214,0.6,50,0
32,215,0.6,50,0
32,216,0.6,50,0
32,217,0.6,50,0
32,218,0.6,50,0
32,219,0.6,50,0
32,220,0.6,50,0
32,221,0.6,50,0
32,222,0.6,50,0
32,223,0.6,50,0
32,224,0.6,50,0
32,225,0.6,50,0
32,226,0.6,50,0
32,227,0.6,50,0
32,228,0.6,50,0
32,229,0.6,50,0
32,230,0.6,50,0
32,231,0.6,50,0
32,232,0.6,50,0
32,233,0.6,50,0
32,234,0.6,50,0
32,235,0.6,50,0
32,236,0.6,50,0
32,237,0.6,50,0
32,238,0.6,50,0
32,239,0.6,50,0
32,240,0.6,50,0
32,241,0.6,50,0
32,242,0.6,50,0
32,243,0.6,50,0
32,244,0.6,50,0
32,245,0.6,50,0
32,246,0.6,50,0
32,247,0.6,50,0
32,248,0.6,50,0
33,0,0.6,50,0
33,1,0.6,50,0
33,2,0.6,50,0
33,3,0.6,50,0
33,4,0.6,50,0
33,5,0.6,50,0
33,6,0.6,50,0
33,7,0.6,50,0
33,8,0.6,50,0
33,9,0.6,50,0
33,10,0.6,50,0
33,11,0.6,50,0
33,12,0.6,50,0
33,13,0.6,50,0
33,14,0.6,50,0
33,15,0.6,50,0
33,16,0.6,50,0
33,17,0.6,50,0
33,18,0.6,50,0
33,19,0.6,50,0
33,20,0.6,50,0
33,21,0.6,50,0
33,22,0.6,50,0
33,23,0.6,50,0
33,24,0.6,50,0
33,25,0.6,50,0
33,26,0.6,50,0
33,27,0.6,50,0
33,28,0.6,50,0
33,29,0.6,50,0
33,30,0.6,50,0
33,31,0.6,50,0
33,32,0.6,50,0
33,33,0.6,50,0
33,34,0.6,50,0
33,35,0.6,50,0
33,36,0.6,50,0
33,37,0.6,50,0
33,38,0.6,50,0
33,39,0.6,50,0
33,40,0.6,50,0
33,41,0.6,50,0
33,42,0.6,50,0
33,43,0.6,50,0
33,44,0.6,50,0
33,45,0.6,50,0
33,46,0.6,50,0
33,47,0.6,50,0
33,48,0.6,50,0
33,49,0.6,50,0
33,50,0.6,50,0
33,51,0.6,50,0
33,52,0.6,50,0
33,53,0.6,50,0
33,54,0.6,50,0
33,55,0.6,50,0
33,56,0.6,50,0
33,57,0.6,50,0
33,58,0.6,50,0
33,59,0.6,50,0
33,60,0.6,50,0
33,61,0.6,50,0
33,62,0.6,50,0
33,63,0.6,50,0
33,64,0.6,50,0
33,65,0.6,50,0
33,66,0.6,50,0
33,67,0.6,50,0
33,68,0.6,50,0
33,69,0.6,50,0
33,70,0.6,50,0
33,71,0.6,50,0
33,72,0.6,50,0
33,73,0.6,50,0
33,74,0.6,50,0
33,75,0.6,50,0
33,76,0.6,50,0
33,77,0.6,50,0
33,78,0.6,50,0
33,79,0.6,50,0
33,80,0.6,50,0
33,81,0.6,50,0
33,82,0.6,50,0
33,83,0.6,50,0
33,84,0.6,50,0
33,85,0.6,50,0
33,86,0.6,50,0
33,87,0.6,50,0
33,88,0.6,50,0
33,89,0.6,50,0
33,90,0.6,50,2
33,91,0.6,50,0
33,92,0.6,50,0
33,93,0.6,50,0
33,94,0.6,50,0
33,95,0.6,50,0
33,96,0.6,50,0
33,97,0.6,50,0
33,98,0.6,50,0
33,99,0.6,50,0
33,100,0.6,50,0
33,101,0.6,50,0
33,102,0.6,50,0
33,103,0.6,50,0
33,104,0.6,50,0
33,105,0.6,50,0
33,106,0.6,50,0
33,107,0.6,50,0
33,108,0.6,50,0
33,109,0.6,50,0
33,110,0.6,50,0
33,111,0.6,50,0
33,112,0.6,50,0
33,113,0.6,50,0
33,114,0.6,50,0
33,115,0.6,50,0
33,116,0.6,50,0
33,117,0.6,50,0
33,118,0.6,50,0
33,119,0.6,50,0
33,120,0.6,50,0
33,121,0.6,50,0
33,122,0.6,50,0
33,123,0.6,50,0
33,124,0.6,50,0
33,125,0.6,50,0
33,126,0.6,50,0
33,127,0.6,50,0
33,128,0.6,50,0
33,129,0.6,50,0
33,130,0.6,50,0
33,131,0.6,50,0
33,132,0.6,50,0
33,133,0.6,50,0
33,134,0.6,50,0
33,135,0.6,50,0
33,136,0.6,50,0
33,137,0.6,50,0
33,138,0.6,50,0
33,139,0.6,50,0
33,140,0.6,50,0
33,141,0.6,50,0
33,142,0.6,50,0
33,143,0.6,50,0
33,144,0.6,50,0
33,145,0.6,50,0
33,146,0.6,50,0
33,147,0.6,50,0
33,148,0.6,50,0
33,149,0.6,50,0
33,150,0.6,50,0
33,151,0.6,50,0
33,152,0.6,50,0
33,153,0.6,50,0
33,154,0.6,50,0
33,155,0.6,50,0
33,156,0.6,50,0
33,157,0.6,50,0
33,158,0.6,50,0
33,159,0.6,50,0
33,160,0.6,50,0
33,161,0.6,50,0
33,162,0.6,50,0
33,163,0.6,50,0
33,164,0.6,50,0
33,165,0.6,50,0
33,166,0.6,50,0
33,167,0.6,50,0
33,168,0.6,50,0
33,169,0.6,50,0
33,170,0.6,50,0
33,171,0.6,50,0
33,172,0.6,50,0
33,173,0.6,50,0
33,174,0.6,50,0
33,175,0.6,50,0
33,176,0.6,50,0
33,177,0.6,50,0
33,178,0.6,50,0
33,179,0.6,50,0
33,180,0.6,50,0
33,181,0.6,50,0
33,182,0.6,50,0
33,183,0.6,50,0
33,184,0.6,50,1
33,185,0.6,50,0
33,186,0.6,50,0
33,187,0.6,50,1
33,188,0.6,50,0
33,189,0.6,50,0
33,190,0.6,50,0
33,191,0.6,50,0
33,192,0.6,50,0
33,193,0.6,50,0
33,194,0.6,50,0
33,195,0.6,50,0
33,196,0.6,50,0
33,197,0.6,50,0
33,198,0.6,50,0
33,199,0.6,50,0
33,200,0.6,50,0
33,201,0.6,50,0
33,202,0.6,50,0
33,203,0.6,50,0
33,204,0.6,50,0
33,205,0.6,50,0
33,206,0.6,50,0
33,207,0.6,50,0
33,208,0.6,50,0
33,209,0.6,50,0
33,210,0.6,50,0
33,211,0.6,50,0
33,212,0.6,50,0
33,213,0.6,50,0
33,214,0.6,50,0
33,215,0.6,50,0
33,216,0.6,50,0
33,217,0.6,50,0
33,218,0.6,50,0
33,219,0.6,50,0
33,220,0.6,50,0
33,221,0.6,50,0
33,222,0.6,50,0
33,223,0.6,50,0
33,224,0.6,50,0
33,225,0.6,50,0
33,226,0.6,50,0
33,227,0.6,50,0
33,228,0.6,50,0
33,229,0.6,50,0
33,230,0.6,50,0
33,231,0.6,50,0
33,232,0.6,50,0
33,233,0.6,50,0
33,234,0.6,50,0
33,235,0.6,50,0
33,236,0.6,50,0
33,237,0.6,50,0
33,238,0.6,50,0
33,239,0.6,50,0
33,240,0.6,50,0
33,241,0.6,50,0
33,242,0.6,50,0
33,243,0.6,50,0
33,244,0.6,50,0
33,245,0.6,50,0
33,246,0.6,50,0
33,247,0.6,50,0
33,248,0.6,50,0
33,249,0.6,50,0
33,250,0.6,50,3
33,251,0.6,50,0
33,252,0.6,50,0
33,253,0.6,50,0
33,254,0.6,50,0
33,255,0.6,50,0
33,256,0.6,50,0
33,257,0.6,50,0
33,258,0.6,50,0
33,259,0.6,50,0
33,260,0.6,50,0
33,261,0.6,50,0
33,262,0.6,50,0
33,263,0.6,50,0
33,264,0.6,50,0
34,0,0.6,50,0
34,1,0.6,50,0
34,2,0.6,50,0
34,3,0.6,50,0
34,4,0.6,50,1
34,5,0.6,50,0
34,6,0.6,50,0
34,7,0.6,50,0
34,8,0.6,50,0
34,9,0.6,50,0
34,10,0.6,50,0
34,11,0.6,50,0
34,12,0.6,50,0
34,13,0.6,50,0
34,14,0.6,50,0
34,15,0.6,50,0
34,16,0.6,50,0
34,17,0.6,50,0
34,18,0.6,50,0
34,19,0.6,50,0
34,20,0.6,50,0
34,21,0.6,50,0
34,22,0.6,50,0
34,23,0.6,50,0
34,24,0.6,50,0
34,25,0.6,50,0
34,26,0.6,50,0
34,27,0.6,50,0
34,28,0.6,50,0
34,29,0.6,50,0
34,30,0.6,50,0
34,31,0.6,50,0
34,32,0.6,50,0
34,33,0.6,50,0
34,34,0.6,50,0
34,35,0.6,50,0
34,36,0.6,50,0
34,37,0.6,50,0
34,38,0.6,50,0
34,39,0.6,50,0
34,40,0.6,50,0
34,41,0.6,50,0
34,42,0.6,50,0
34,43,0.6,50,0
34,44,0.6,50,0
34,45,0.6,50,0
34,46,0.6,50,0
34,47,0.6,50,0
34,48,0.6,50,0
34,49,0.6,50,0
34,50,0.6,50,0
34,51,0.6,50,0
34,52,0.6,50,0
34,53,0.6,50,0
34,54,0.6,50,0
34,55,0.6,50,0
34,56,0.6,50,0
34,57,0.6,50,0
34,58,0.6,50,0
34,59,0.6,50,0
34,60,0.6,50,0
34,61,0.6,50,0
34,62,0.6,50,0
34,63,0.6,50,0
34,64,0.6,50,0
34,65,0.6,50,0
34,66,0.6,50,0
34,67,0.6,50,0
34,68,0.6,50,0
34,69,0.6,50,0
34,70,0.6,50,0
34,71,0.6,50,0
34,72,0.6,50,0
34,73,0.6,50,0
34,74,0.6,50,0
34,75,0.6,50,0
34,76,0.6,50,0
34,77,0.6,50,0
34,78,0.6,50,0
34,79,0.6,50,0
34,80,0.6,50,0
34,81,0.6,50,0
34,82,0.6,50,0
34,83,0.6,50,0
34,84,0.6,50,0
34,85,0.6,50,1
34,86,0.6,50,0
34,87,0.6,50,0
34,88,0.6,50,0
34,89,0.6,50,0
34,90,0.6,50,0
34,91,0.6,50,0
34,92,0.6,50,0
34,93,0.6,50,0
34,94,0.6,50,0
34,95,0.6,50,0
34,96,0.6,50,0
34,97,0.6,50,0
34,98,0.6,50,0
34,99,0.6,50,0
34,100,0.6,50,0
34,101,0.6,50,0
34,102,0.6,50,0
34,103,0.6,50,0
34,104,0.6,50,0
34,105,0.6,50,0
34,106,0.6,50,0
34,107,0.6,50,0
34,108,0.6,50,0
34,109,0.6,50,0
34,110,0.6,50,0
34,111,0.6,50,0
34,112,0.6,50,0
34,113,0.6,50,0
34,114,0.6,50,0
34,115,0.6,50,0
34,116,0.6,50,0
34,117,0.6,50,0
34,118,0.6,50,0
34,119,0.6,50,0
34,120,0.6,50,0
34,121,0.6,50,0
34,122,0.6,50,0
34,123,0.6,50,0
34,124,0.6,50,0
34,125,0.6,50,0
34,126,0.6,50,0
34,127,0.6,50,0
34,128,0.6,50,0
34,129,0.6,50,0
34,130,0.6,50,0
34,131,0.6,50,0
34,132,0.6,50,0
34,133,0.6,50,0
34,134,0.6,50,0
34,135,0.6,50,0
34,136,0.6,50,0
34,137,0.6,50,0
34,138,0.6,50,0
34,139,0.6,50,0
34,140,0.6,50,0
34,141,0.6,50,1
34,142,0.6,50,0
34,143,0.6,50,0
34,144,0.6,50,0
34,145,0.6,50,0
34,146,0.6,50,0
34,147,0.6,50,0
34,148,0.6,50,0
34,149,0.6,50,0
34,150,0.6,50,0
34,151,0.6,50,0
34,152,0.6,50,0
34,153,0.6,50,0
34,154,0.6,50,0
34,155,0.6,50,0
34,156,0.6,50,0
34,157,0.6,50,0
34,158,0.6,50,0
34,159,0.6,50,0
34,160,0.6,50,0
34,161,0.6,50,0
34,162,0.6,50,0
34,163,0.6,50,0
34,164,0.6,50,0
34,165,0.6,50,0
34,166,0.6,50,0
34,167,0.6,50,0
34,168,0.6,50,0
34,169,0.6,50,0
34,170,0.6,50,0
34,171,0.6,50,0
34,172,0.6,50,0
34,173,0.6,50,0
34,174,0.6,50,0
34,175,0.6,50,0
34,176,0.6,50,0
34,177,0.6,50,0
34,178,0.6,50,0
34,179,0.6,50,0
34,180,0.6,50,0
34,181,0.6,50,0
34,182,0.6,50,0
34,183,0.6,50,0
34,184,0.6,50,0
34,185,0.6,50,0
34,186,0.6,50,0
34,187,0.6,50,0
34,188,0.6,50,0
34,189,0.6,50,0
34,190,0.6,50,0
34,191,0.6,50,0
34,192,0.6,50,0
34,193,0.6,50,0
34,194,0.6,50,0
34,195,0.6,50,0
34,196,0.6,50,0
34,197,0.6,50,0
34,198,0.6,50,0
34,199,0.6,50,0
34,200,0.6,50,0
34,201,0.6,50,0
34,202,0.6,50,0
34,203,0.6,50,0
34,204,0.6,50,0
34,205,0.6,50,0
34,206,0.6,50,0
34,207,0.6,50,0
34,208,0.6,50,0
34,209,0.6,50,0
34,210,0.6,50,0
34,211,0.6,50,0
34,212,0.6,50,0
34,213,0.6,50,0
34,214,0.6,50,0
34,215,0.6,50,0
34,216,0.6,50,0
34,217,0.6,50,0
34,218,0.6,50,0
34,219,0.6,50,0
34,220,0.6,50,0
34,221,0.6,50,0
34,222,0.6,50,0
34,223,0.6,50,0
34,224,0.6,50,0
34,225,0.6,50,0
34,226,0.6,50,0
34,227,0.6,50,1
34,228,0.6,50,0
34,229,0.6,50,0
34,230,0.6,50,0
34,231,0.6,50,0
34,232,0.6,50,0
34,233,0.6,50,0
34,234,0.6,50,0
34,235,0.6,50,0
34,236,0.6,50,0
34,237,0.6,50,1
34,238,0.6,50,0
34,239,0.6,50,0
34,240,0.6,50,0
34,241,0.6,50,0
34,242,0.6,50,0
34,243,0.6,50,0
34,244,0.6,50,0
34,245,0.6,50,0
34,246,0.6,50,0
34,247,0.6,50,0
34,248,0.6,50,0
34,249,0.6,50,0
34,250,0.6,50,0
34,251,0.6,50,0
34,252,0.6,50,0
34,253,0.6,50,0
34,254,0.6,50,0
34,255,0.6,50,0
34,256,0.6,50,0
34,257,0.6,50,0
34,258,0.6,50,0
34,259,0.6,50,0
34,260,0.6,50,0
34,261,0.6,50,0
34,262,0.6,50,0
34,263,0.6,50,0
34,264,0.6,50,0
34,265,0.6,50,0
34,266,0.6,50,0
34,267,0.6,50,0
34,268,0.6,50,0
34,269,0.6,50,0
34,270,0.6,50,0
34,271,0.6,50,0
34,272,0.6,50,0
34,273,0.6,50,0
34,274,0.6,50,0
34,275,0.6,50,0
34,276,0.6,50,0
34,277,0.6,50,0
34,278,0.6,50,0
34,279,0.6,50,2
34,280,0.6,50,0
35,0,0.6,50,0
35,1,0.6,50,1
35,2,0.6,50,0
35,3,0.6,50,0
35,4,0.6,50,0
35,5,0.6,50,0
35,6,0.6,50,0
35,7,0.6,50,0
35,8,0.6,50,0
35,9,0.6,50,0
35,10,0.6,50,0
35,11,0.6,50,0
35,12,0.6,50,0
35,13,0.6,50,0
35,14,0.6,50,0
35,15,0.6,50,0
35,16,0.6,50,0
35,17,0.6,50,0
35,18,0.6,50,0
35,19,0.6,50,0
35,20,0.6,50,0
35,21,0.6,50,0
35,22,0.6,50,0
35,23,0.6,50,0
35,24,0.6,50,0
35,25,0.6,50,0
35,26,0.6,50,0
35,27,0.6,50,0
35,28,0.6,50,0
35,29,0.6,50,0
35,30,0.6,50,0
35,31,0.6,50,0
35,32,0.6,50,0
35,33,0.6,50,0
35,34,0.6,50,0
35,35,0.6,50,0
35,36,0.6,50,0
35,37,0.6,50,0
35,38,0.6,50,0
35,39,0.6,50,0
35,40,0.6,50,0
35,41,0.6,50,0
35,42,0.6,50,0
35,43,0.6,50,0
35,44,0.6,50,0
35,45,0.6,50,0
35,46,0.6,50,0
35,47,0.6,50,0
35,48,0.6,50,0
35,49,0.6,50,0
35,50,0.6,50,0
35,51,0.6,50,0
35,52,0.6,50,0
35,53,0.6,50,0
35,54,0.6,50,0
35,55,0.6,50,0
35,56,0.6,50,0
35,57,0.6,50,0
35,58,0.6,50,0
35,59,0.6,50,0
35,60,0.6,50,0
35,61,0.6,50,0
35,62,0.6,50,0
35,63,0.6,50,0
35,64,0.6,50,0
35,65,0.6,50,0
35,66,0.6,50,0
35,67,0.6,50,0
35,68,0.6,50,0
35,69,0.6,50,0
35,70,0.6,50,0
35,71,0.6,50,0
35,72,0.6,50,0
35,73,0.6,50,0
35,74,0.6,50,0
35,75,0.6,50,0
35,76,0.6,50,0
35,77,0.6,50,0
35,78,0.6,50,0
35,79,0.6,50,0
35,80,0.6,50,0
35,81,0.6,50,0
35,82,0.6,50,0
35,83,0.6,50,0
35,84,0.6,50,0
35,85,0.6,50,0
35,86,0.6,50,0
35,87,0.6,50,0
35,88,0.6,50,0
35,89,0.6,50,0
35,90,0.6,50,0
35,91,0.6,50,0
35,92,0.6,50,0
35,93,0.6,50,0
35,94,0.6,50,0
35,95,0.6,50,0
35,96,0.6,50,0
35,97,0.6,50,0
35,98,0.6,50,0
35,99,0.6,50,0
35,100,0.6,50,0
35,101,0.6,50,0
35,102,0.6,50,0
35,103,0.6,50,0
35,104,0.6,50,0
35,105,0.6,50,0
35,106,0.6,50,0
35,107,0.6,50,0
35,108,0.6,50,0
35,109,0.6,50,0
35,110,0.6,50,0
35,111,0.6,50,0
35,112,0.6,50,0
35,113,0.6,50,0
35,114,0.6,50,0
35,115,0.6,50,0
35,116,0.6,50,0
35,117,0.6,50,0
35,118,0.6,50,0
35,119,0.6,50,0
35,120,0.6,50,0
35,121,0.6,50,0
35,122,0.6,50,0
35,123,0.6,50,0
35,124,0.6,50,0
35,125,0.6,50,0
35,126,0.6,50,0
35,127,0.6,50,0
35,128,0.6,50,0
35,129,0.6,50,0
35,130,0.6,50,0
35,131,0.6,50,0
35,132,0.6,50,0
35,133,0.6,50,0
35,134,0.6,50,0
35,135,0.6,50,0
35,136,0.6,50,0
35,137,0.6,50,0
35,138,0.6,50,0
35,139,0.6,50,0
35,140,0.6,50,0
35,141,0.6,50,0
35,142,0.6,50,0
35,143,0.6,50,0
35,144,0.6,50,0
35,145,0.6,50,0
35,146,0.6,50,0
35,147,0.6,50,0
35,148,0.6,50,0
35,149,0.6,50,0
35,150,0.6,50,0
35,151,0.6,50,0
35,152,0.6,50,0
35,153,0.6,50,0
35,154,0.6,50,0
35,155,0.6,50,0
35,156,0.6,50,0
35,157,0.6,50,0
35,158,0.6,50,0
35,159,0.6,50,0
35,160,0.6,50,0
35,161,0.6,50,0
35,162,0.6,50,0
35,163,0.6,50,0
35,164,0.6,50,0
35,165,0.6,50,0
35,166,0.6,50,0
35,167,0.6,50,0
35,168,0.6,50,0
35,169,0.6,50,0
35,170,0.6,50,0
35,171,0.6,50,0
35,172,0.6,50,0
35,173,0.6,50,0
35,174,0.6,50,0
35,175,0.6,50,0
35,176,0.6,50,0
35,177,0.6,50,0
35,178,0.6,50,0
35,179,0.6,50,0
35,180,0.6,50,0
35,181,0.6,50,0
35,182,0.6,50,0
35,183,0.6,50,0
35,184,0.6,50,0
35,185,0.6,50,0
35,186,0.6,50,0
35,187,0.6,50,0
35,188,0.6,50,0
35,189,0.6,50,0
35,190,0.6,50,0
35,191,0.6,50,0
35,192,0.6,50,0
35,193,0.6,50,0
35,194,0.6,50,0
35,195,0.6,50,0
35,196,0.6,50,0
35,197,0.6,50,0
35,198,0.6,50,0
35,199,0.6,50,0
35,200,0.6,50,0
35,201,0.6,50,0
35,202,0.6,50,0
35,203,0.6,50,0
35,204,0.6,50,0
35,205,0.6,50,0
35,206,0.6,50,0
35,207,0.6,50,0
35,208,0.6,50,0
35,209,0.6,50,0
35,210,0.6,50,0
35,211,0.6,50,0
35,212,0.6,50,0
35,213,0.6,50,0
35,214,0.6,50,0
35,215,0.6,50,0
35,216,0.6,50,0
35,217,0.6,50,0
35,218,0.6,50,0
35,219,0.6,50,0
35,220,0.6,50,0
35,221,0.6,50,0
35,222,0.6,50,0
35,223,0.6,50,0
35,224,0.6,50,0
35,225,0.6,50,0
35,226,0.6,50,0
35,227,0.6,50,0
35,228,0.6,50,0
35,229,0.6,50,0
35,230,0.6,50,0
35,231,0.6,50,0
35,232,0.6,50,0
35,233,0.6,50,0
35,234,0.6,50,0
35,235,0.6,50,0
35,236,0.6,50,0
35,237,0.6,50,0
35,238,0.6,50,0
35,239,0.6,50,0
35,240,0.6,50,0
35,241,0.6,50,0
35,242,0.6,50,0
35,243,0.6,50,0
35,244,0.6,50,0
35,245,0.6,50,0
35,246,0.6,50,0
35,247,0.6,50,0
35,248,0.6,50,0
35,249,0.6,50,0
35,250,0.6,50,0
35,251,0.6,50,0
35,252,0.6,50,0
35,253,0.6,50,0
35,254,0.6,50,0
35,255,0.6,50,0
35,256,0.6,50,0
35,257,0.6,50,0
35,258,0.6,50,0
35,259,0.6,50,0
35,260,0.6,50,0
35,261,0.6,50,0
35,262,0.6,50,0
35,263,0.6,50,0
35,264,0.6,50,0
35,265,0.6,50,0
35,266,0.6,50,0
35,267,0.6,50,0
35,268,0.6,50,0
35,269,0.6,50,0
35,270,0.6,50,0
35,271,0.6,50,0
35,272,0.6,50,0
35,273,0.6,50,0
35,274,0.6,50,0
35,275,0.6,50,0
35,276,0.6,50,0
35,277,0.6,50,0
35,278,0.6,50,0
35,279,0.6,50,0
35,280,0.6,50,0
35,281,0.6,50,0
35,282,0.6,50,0
35,283,0.6,50,0
35,284,0.6,50,0
35,285,0.6,50,0
35,286,0.6,50,0
35,287,0.6,50,0
35,288,0.6,50,0
35,289,0.6,50,0
35,290,0.6,50,0
35,291,0.6,50,0
35,292,0.6,50,0
35,293,0.6,50,0
35,294,0.6,50,0
35,295,0.6,50,0
35,296,0.6,50,0
35,297,0.6,50,0
36,0,0.6,50,0
36,1,0.6,50,0
36,2,0.6,50,0
36,3,0.6,50,0
36,4,0.6,50,0
36,5,0.6,50,0
36,6,0.6,50,0
36,7,0.6,50,0
36,8,0.6,50,0
36,9,0.6,50,0
36,10,0.6,50,0
36,11,0.6,50,0
36,12,0.6,50,0
36,13,0.6,50,0
36,14,0.6,50,0
36,15,0.6,50,0
36,16,0.6,50,0
36,17,0.6,50,0
36,18,0.6,50,0
36,19,0.6,50,0
36,20,0.6,50,0
36,21,0.6,50,0
36,22,0.6,50,0
36,23,0.6,50,0
36,24,0.6,50,0
36,25,0.6,50,0
36,26,0.6,50,0
36,27,0.6,50,0
36,28,0.6,50,0
36,29,0.6,50,0
36,30,0.6,50,0
36,31,0.6,50,0
36,32,0.6,50,0
36,33,0.6,50,0
36,34,0.6,50,0
36,35,0.6,50,0
36,36,0.6,50,0
36,37,0.6,50,0
36,38,0.6,50,0
36,39,0.6,50,0
36,40,0.6,50,0
36,41,0.6,50,0
36,42,0.6,50,0
36,43,0.6,50,0
36,44,0.6,50,0
36,45,0.6,50,0
36,46,0.6,50,0
36,47,0.6,50,0
36,48,0.6,50,0
36,49,0.6,50,0
36,50,0.6,50,0
36,51,0.6,50,0
36,52,0.6,50,0
36,53,0.6,50,0
36,54,0.6,50,0
36,55,0.6,50,0
36,56,0.6,50,0
36,57,0.6,50,0
36,58,0.6,50,0
36,59,0.6,50,0
36,60,0.6,50,0
36,61,0.6,50,0
36,62,0.6,50,0
36,63,0.6,50,0
36,64,0.6,50,0
36,65,0.6,50,0
36,66,0.6,50,0
36,67,0.6,50,0
36,68,0.6,50,0
36,69,0.6,50,0
36,70,0.6,50,0
36,71,0.6,50,0
36,72,0.6,50,0
36,73,0.6,50,0
36,74,0.6,50,0
36,75,0.6,50,0
36,76,0.6,50,0
36,77,0.6,50,0
36,78,0.6,50,0
36,79,0.6,50,0
36,80,0.6,50,0
36,81,0.6,50,0
36,82,0.6,50,0
36,83,0.6,50,0
36,84,0.6,50,0
36,85,0.6,50,0
36,86,0.6,50,0
36,87,0.6,50,0
36,88,0.6,50,0
36,89,0.6,50,0
36,90,0.6,50,0
36,91,0.6,50,0
36,92,0.6,50,0
36,93,0.6,50,0
36,94,0.6,50,0
36,95,0.6,50,0
36,96,0.6,50,0
36,97,0.6,50,0
36,98,0.6,50,0
36,99,0.6,50,0
36,100,0.6,50,0
36,101,0.6,50,0
36,102,0.6,50,0
36,103,0.6,50,0
36,104,0.6,50,0
36,105,0.6,50,0
36,106,0.6,50,0
36,107,0.6,50,0
36,108,0.6,50,0
36,109,0.6,50,0
36,110,0.6,50,0
36,111,0.6,50,0
36,112,0.6,50,0
36,113,0.6,50,0
36,114,0.6,50,0
36,115,0.6,50,0
36,116,0.6,50,0
36,117,0.6,50,0
36,118,0.6,50,0
36,119,0.6,50,0
36,120,0.6,50,0
36,121,0.6,50,0
36,122,0.6,50,0
36,123,0.6,50,0
36,124,0.6,50,0
36,125,0.6,50,0
36,126,0.6,50,0
36,127,0.6,50,0
36,128,0.6,50,0
36,129,0.6,50,0
36,130,0.6,50,0
36,131,0.6,50,0
36,132,0.6,50,0
36,133,0.6,50,0
36,134,0.6,50,0
36,135,0.6,50,0
36,136,0.6,50,0
36,137,0.6,50,0
36,138,0.6,50,0
36,139,0.6,50,0
36,140,0.6,50,0
36,141,0.6,50,0
36,142,0.6,50,0
36,143,0.6,50,0
36,144,0.6,50,0
36,145,0.6,50,0
36,146,0.6,50,0
36,147,0.6,50,0
36,148,0.6,50,0
36,149,0.6,50,0
36,150,0.6,50,0
36,151,0.6,50,0
36,152,0.6,50,0
36,153,0.6,50,0
36,154,0.6,50,0
36,155,0.6,50,0
36,156,0.6,50,0
36,157,0.6,50,0
36,158,0.6,50,0
36,159,0.6,50,0
36,160,0.6,50,0
36,161,0.6,50,0
36,162,0.6,50,0
36,163,0.6,50,0
36,164,0.6,50,0
36,165,0.6,50,0
36,166,0.6,50,0
36,167,0.6,50,0
36,168,0.6,50,0
36,169,0.6,50,0
36,170,0.6,50,0
36,171,0.6,50,0
36,172,0.6,50,0
36,173,0.6,50,0
36,174,0.6,50,0
36,175,0.6,50,0
36,176,0.6,50,0
36,177,0.6,50,0
36,178,0.6,50,0
36,179,0.6,50,0
36,180,0.6,50,0
36,181,0.6,50,0
36,182,0.6,50,0
36,183,0.6,50,0
36,184,0.6,50,0
36,185,0.6,50,0
36,186,0.6,50,0
36,187,0.6,50,0
36,188,0.6,50,0
36,189,0.6,50,0
36,190,0.6,50,0
36,191,0.6,50,0
36,192,0.6,50,0
36,193,0.6,50,0
36,194,0.6,50,0
36,195,0.6,50,0
36,196,0.6,50,0
36,197,0.6,50,0
36,198,0.6,50,0
36,199,0.6,50,0
36,200,0.6,50,0
36,201,0.6,50,0
36,202,0.6,50,0
36,203,0.6,50,0
36,204,0.6,50,0
36,205,0.6,50,0
36,206,0.6,50,0
36,207,0.6,50,0
36,208,0.6,50,0
36,209,0.6,50,0
36,210,0.6,50,0
36,211,0.6,50,0
36,212,0.6,50,0
36,213,0.6,50,0
36,214,0.6,50,0
36,215,0.6,50,0
36,216,0.6,50,0
36,217,0.6,50,0
36,218,0.6,50,0
36,219,0.6,50,0
36,220,0.6,50,0
36,221,0.6,50,0
36,222,0.6,50,0
36,223,0.6,50,0
36,224,0.6,50,0
36,225,0.6,50,0
36,226,0.6,50,0
36,227,0.6,50,0
36,228,0.6,50,0
36,229,0.6,50,0
36,230,0.6,50,0
36,231,0.6,50,0
36,232,0.6,50,0
36,233,0.6,50,0
36,234,0.6,50,0
36,235,0.6,50,0
36,236,0.6,50,0
36,237,0.6,50,1
36,238,0.6,50,0
36,239,0.6,50,0
36,240,0.6,50,0
36,241,0.6,50,0
36,242,0.6,50,0
36,243,0.6,50,0
36,244,0.6,50,0
36,245,0.6,50,0
36,246,0.6,50,0
36,247,0.6,50,0
36,248,0.6,50,0
36,249,0.6,50,0
36,250,0.6,50,0
36,251,0.6,50,0
36,252,0.6,50,0
36,253,0.6,50,0
36,254,0.6,50,0
36,255,0.6,50,0
36,256,0.6,50,0
36,257,0.6,50,0
36,258,0.6,50,0
36,259,0.6,50,0
36,260,0.6,50,1
36,261,0.6,50,0
36,262,0.6,50,0
36,263,0.6,50,0
36,264,0.6,50,0
36,265,0.6,50,0
36,266,0.6,50,0
36,267,0.6,50,0
36,268,0.6,50,0
36,269,0.6,50,0
36,270,0.6,50,0
36,271,0.6,50,0
36,272,0.6,50,0
36,273,0.6,50,0
36,274,0.6,50,0
36,275,0.6,50,0
36,276,0.6,50,0
36,277,0.6,50,0
36,278,0.6,50,0
36,279,0.6,50,0
36,280,0.6,50,0
36,281,0.6,50,0
36,282,0.6,50,0
36,283,0.6,50,0
36,284,0.6,50,0
36,285,0.6,50,0
36,286,0.6,50,0
36,287,0.6,50,0
36,288,0.6,50,0
36,289,0.6,50,0
36,290,0.6,50,0
36,291,0.6,50,0
36,292,0.6,50,0
36,293,0.6,50,0
36,294,0.6,50,0
36,295,0.6,50,0
36,296,0.6,50,0
36,297,0.6,50,0
36,298,0.6,50,0
36,299,0.6,50,0
36,300,0.6,50,0
36,301,0.6,50,0
36,302,0.6,50,0
36,303,0.6,50,0
36,304,0.6,50,0
36,305,0.6,50,0
36,306,0.6,50,0
36,307,0.6,50,0
36,308,0.6,50,0
36,309,0.6,50,0
36,310,0.6,50,0
36,311,0.6,50,0
36,312,0.6,50,0
36,313,0.6,50,0
36,314,0.6,50,0
36,315,0.6,50,0
37,0,0.6,50,0
37,1,0.6,50,0
37,2,0.6,50,0
37,3,0.6,50,0
37,4,0.6,50,0
37,5,0.6,50,0
37,6,0.6,50,0
37,7,0.6,50,0
37,8,0.6,50,0
37,9,0.6,50,0
37,10,0.6,50,0
37,11,0.6,50,0
37,12,0.6,50,0
37,13,0.6,50,0
37,14,0.6,50,0
37,15,0.6,50,0
37,16,0.6,50,0
37,17,0.6,50,0
37,18,0.6,50,0
37,19,0.6,50,0
37,20,0.6,50,0
37,21,0.6,50,0
37,22,0.6,50,0
37,23,0.6,50,0
37,24,0.6,50,0
37,25,0.6,50,0
37,26,0.6,50,0
37,27,0.6,50,0
37,28,0.6,50,0
37,29,0.6,50,0
37,30,0.6,50,0
37,31,0.6,50,0
37,32,0.6,50,0
37,33,0.6,50,0
37,34,0.6,50,0
37,35,0.6,50,0
37,36,0.6,50,0
37,37,0.6,50,0
37,38,0.6,50,0
37,39,0.6,50,0
37,40,0.6,50,0
37,41,0.6,50,0
37,42,0.6,50,0
37,43,0.6,50,0
37,44,0.6,50,0
37,45,0.6,50,0
37,46,0.6,50,0
37,47,0.6,50,0
37,48,0.6,50,0
37,49,0.6,50,0
37,50,0.6,50,0
37,51,0.6,50,0
37,52,0.6,50,0
37,53,0.6,50,0
37,54,0.6,50,0
37,55,0.6,50,0
37,56,0.6,50,0
37,57,0.6,50,0
37,58,0.6,50,0
37,59,0.6,50,0
37,60,0.6,50,0
37,61,0.6,50,0
37,62,0.6,50,0
37,63,0.6,50,0
37,64,0.6,50,0
37,65,0.6,50,0
37,66,0.6,50,0
37,67,0.6,50,0
37,68,0.6,50,0
37,69,0.6,50,0
37,70,0.6,50,0
37,71,0.6,50,0
37,72,0.6,50,0
37,73,0.6,50,0
37,74,0.6,50,0
37,75,0.6,50,0
37,76,0.6,50,0
37,77,0.6,50,0
37,78,0.6,50,0
37,79,0.6,50,0
37,80,0.6,50,0
37,81,0.6,50,0
37,82,0.6,50,0
37,83,0.6,50,0
37,84,0.6,50,0
37,85,0.6,50,0
37,86,0.6,50,0
37,87,0.6,50,0
37,88,0.6,50,0
37,89,0.6,50,0
37,90,0.6,50,0
37,91,0.6,50,0
37,92,0.6,50,0
37,93,0.6,50,0
37,94,0.6,50,0
37,95,0.6,50,0
37,96,0.6,50,0
37,97,0.6,50,0
37,98,0.6,50,0
37,99,0.6,50,0
37,100,0.6,50,0
37,101,0.6,50,0
37,102,0.6,50,0
37,103,0.6,50,0
37,104,0.6,50,0
37,105,0.6,50,0
37,106,0.6,50,0
37,107,0.6,50,0
37,108,0.6,50,0
37,109,0.6,50,0
37,110,0.6,50,0
37,111,0.6,50,0
37,112,0.6,50,0
37,113,0.6,50,0
37,114,0.6,50,0
37,115,0.6,50,0
37,116,0.6,50,0
37,117,0.6,50,0
37,118,0.6,50,0
37,119,0.6,50,0
37,120,0.6,50,0
37,121,0.6,50,0
37,122,0.6,50,0
37,123,0.6,50,0
37,124,0.6,50,0
37,125,0.6,50,0
37,126,0.6,50,0
37,127,0.6,50,0
37,128,0.6,50,0
37,129,0.6,50,0
37,130,0.6,50,0
37,131,0.6,50,0
37,132,0.6,50,0
37,133,0.6,50,0
37,134,0.6,50,0
37,135,0.6,50,0
37,136,0.6,50,0
37,137,0.6,50,0
37,138,0.6,50,0
37,139,0.6,50,0
37,140,0.6,50,0
37,141,0.6,50,0
37,142,0.6,50,0
37,143,0.6,50,0
37,144,0.6,50,0
37,145,0.6,50,0
37,146,0.6,50,0
37,147,0.6,50,0
37,148,0.6,50,0
37,149,0.6,50,0
37,150,0.6,50,0
37,151,0.6,50,0
37,152,0.6,50,0
37,153,0.6,50,0
37,154,0.6,50,0
37,155,0.6,50,0
37,156,0.6,50,0
37,157,0.6,50,0
37,158,0.6,50,0
37,159,0.6,50,0
37,160,0.6,50,0
37,161,0.6,50,0
37,162,0.6,50,0
37,163,0.6,50,0
37,164,0.6,50,0
37,165,0.6,50,0
37,166,0.6,50,0
37,167,0.6,50,0
37,168,0.6,50,0
37,169,0.6,50,0
37,170,0.6,50,0
37,171,0.6,50,0
37,172,0.6,50,0
37,173,0.6,50,0
37,174,0.6,50,0
37,175,0.6,50,0
37,176,0.6,50,0
37,177,0.6,50,0
37,178,0.6,50,0
37,179,0.6,50,0
37,180,0.6,50,0
37,181,0.6,50,0
37,182,0.6,50,0
37,183,0.6,50,0
37,184,0.6,50,0
37,185,0.6,50,0
37,186,0.6,50,0
37,187,0.6,50,0
37,188,0.6,50,0
37,189,0.6,50,0
37,190,0.6,50,0
37,191,0.6,50,0
37,192,0.6,50,0
37,193,0.6,50,0
37,194,0.6,50,0
37,195,0.6,50,0
37,196,0.6,50,0
37,197,0.6,50,0
37,198,0.6,50,0
37,199,0.6,50,0
37,200,0.6,50,0
37,201,0.6,50,0
37,202,0.6,50,2
37,203,0.6,50,0
37,204,0.6,50,0
37,205,0.6,50,0
37,206,0.6,50,0
37,207,0.6,50,0
37,208,0.6,50,0
37,209,0.6,50,0
37,210,0.6,50,0
37,211,0.6,50,0
37,212,0.6,50,0
37,213,0.6,50,0
37,214,0.6,50,0
37,215,0.6,50,0
37,216,0.6,50,0
37,217,0.6,50,0
37,218,0.6,50,0
37,219,0.6,50,0
37,220,0.6,50,0
37,221,0.6,50,0
37,222,0.6,50,0
37,223,0.6,50,0
37,224,0.6,50,0
37,225,0.6,50,0
37,226,0.6,50,0
37,227,0.6,50,0
37,228,0.6,50,0
37,229,0.6,50,0
37,230,0.6,50,0
37,231,0.6,50,0
37,232,0.6,50,0
37,233,0.6,50,0
37,234,0.6,50,0
37,235,0.6,50,0
37,236,0.6,50,0
37,237,0.6,50,0
37,238,0.6,50,0
37,239,0.6,50,0
37,240,0.6,50,0
37,241,0.6,50,0
37,242,0.6,50,0
37,243,0.6,50,0
37,244,0.6,50,0
37,245,0.6,50,0
37,246,0.6,50,0
37,247,0.6,50,0
37,248,0.6,50,0
37,249,0.6,50,0
37,250,0.6,50,0
37,251,0.6,50,0
37,252,0.6,50,0
37,253,0.6,50,0
37,254,0.6,50,0
37,255,0.6,50,0
37,256,0.6,50,0
37,257,0.6,50,0
37,258,0.6,50,0
37,259,0.6,50,0
37,260,0.6,50,0
37,261,0.6,50,0
37,262,0.6,50,0
37,263,0.6,50,0
37,264,0.6,50,0
37,265,0.6,50,0
37,266,0.6,50,0
37,267,0.6,50,0
37,268,0.6,50,0
37,269,0.6,50,0
37,270,0.6,50,0
37,271,0.6,50,0
37,272,0.6,50,0
37,273,0.6,50,0
37,274,0.6,50,0
37,275,0.6,50,0
37,276,0.6,50,0
37,277,0.6,50,0
37,278,0.6,50,0
37,279,0.6,50,0
37,280,0.6,50,0
37,281,0.6,50,0
37,282,0.6,50,0
37,283,0.6,50,0
37,284,0.6,50,0
37,285,0.6,50,0
37,286,0.6,50,0
37,287,0.6,50,0
37,288,0.6,50,0
37,289,0.6,50,0
37,290,0.6,50,0
37,291,0.6,50,0
37,292,0.6,50,0
37,293,0.6,50,0
37,294,0.6,50,0
37,295,0.6,50,0
37,296,0.6,50,0
37,297,0.6,50,0
37,298,0.6,50,0
37,299,0.6,50,0
37,300,0.6,50,0
37,301,0.6,50,0
37,302,0.6,50,0
37,303,0.6,50,0
37,304,0.6,50,0
37,305,0.6,50,0
37,306,0.6,50,0
37,307,0.6,50,0
37,308,0.6,50,0
37,309,0.6,50,0
37,310,0.6,50,0
37,311,0.6,50,0
37,312,0.6,50,0
37,313,0.6,50,0
37,314,0.6,50,0
37,315,0.6,50,0
37,316,0.6,50,0
37,317,0.6,50,0
37,318,0.6,50,0
37,319,0.6,50,0
37,320,0.6,50,0
37,321,0.6,50,0
37,322,0.6,50,0
37,323,0.6,50,0
37,324,0.6,50,0
37,325,0.6,50,0
37,326,0.6,50,0
37,327,0.6,50,0
37,328,0.6,50,0
37,329,0.6,50,0
37,330,0.6,50,0
37,331,0.6,50,0
37,332,0.6,50,0
37,333,0.6,50,0
38,0,0.6,50,0
38,1,0.6,50,0
38,2,0.6,50,0
38,3,0.6,50,0
38,4,0.6,50,0
38,5,0.6,50,0
38,6,0.6,50,0
38,7,0.6,50,0
38,8,0.6,50,0
38,9,0.6,50,0
38,10,0.6,50,0
38,11,0.6,50,0
38,12,0.6,50,1
38,13,0.6,50,0
38,14,0.6,50,0
38,15,0.6,50,0
38,16,0.6,50,0
38,17,0.6,50,0
38,18,0.6,50,0
38,19,0.6,50,0
38,20,0.6,50,0
38,21,0.6,50,0
38,22,0.6,50,0
38,23,0.6,50,0
38,24,0.6,50,0
38,25,0.6,50,0
38,26,0.6,50,0
38,27,0.6,50,0
38,28,0.6,50,0
38,29,0.6,50,0
38,30,0.6,50,0
38,31,0.6,50,0
38,32,0.6,50,0
38,33,0.6,50,0
38,34,0.6,50,0
38,35,0.6,50,0
38,36,0.6,50,0
38,37,0.6,50,0
38,38,0.6,50,0
38,39,0.6,50,0
38,40,0.6,50,0
38,41,0.6,50,0
38,42,0.6,50,0
38,43,0.6,50,0
38,44,0.6,50,0
38,45,0.6,50,0
38,46,0.6,50,0
38,47,0.6,50,0
38,48,0.6,50,0
38,49,0.6,50,0
38,50,0.6,50,0
38,51,0.6,50,0
38,52,0.6,50,0
38,53,0.6,50,0
38,54,0.6,50,0
38,55,0.6,50,0
38,56,0.6,50,0
38,57,0.6,50,0
38,58,0.6,50,0
38,59,0.6,50,0
38,60,0.6,50,0
38,61,0.6,50,0
38,62,0.6,50,0
38,63,0.6,50,0
38,64,0.6,50,0
38,65,0.6,50,0
38,66,0.6,50,0
38,67,0.6,50,0
38,68,0.6,50,0
38,69,0.6,50,0
38,70,0.6,50,0
38,71,0.6,50,0
38,72,0.6,50,0
38,73,0.6,50,0
38,74,0.6,50,0
38,75,0.6,50,0
38,76,0.6,50,0
38,77,0.6,50,0
38,78,0.6,50,0
38,79,0.6,50,0
38,80,0.6,50,0
38,81,0.6,50,0
38,82,0.6,50,0
38,83,0.6,50,0
38,84,0.6,50,0
38,85,0.6,50,0
38,86,0.6,50,0
38,87,0.6,50,0
38,88,0.6,50,0
38,89,0.6,50,0
38,90,0.6,50,0
38,91,0.6,50,0
38,92,0.6,50,0
38,93,0.6,50,0
38,94,0.6,50,0
38,95,0.6,50,0
38,96,0.6,50,0
38,97,0.6,50,0
38,98,0.6,50,0
38,99,0.6,50,0
38,100,0.6,50,0
38,101,0.6,50,0
38,102,0.6,50,0
38,103,0.6,50,0
38,104,0.6,50,0
38,105,0.6,50,0
38,106,0.6,50,0
38,107,0.6,50,0
38,108,0.6,50,0
38,109,0.6,50,0
38,110,0.6,50,0
38,111,0.6,50,0
38,112,0.6,50,0
38,113,0.6,50,0
38,114,0.6,50,0
38,115,0.6,50,0
38,116,0.6,50,0
38,117,0.6,50,0
38,118,0.6,50,0
38,119,0.6,50,0
38,120,0.6,50,0
38,121,0.6,50,0
38,122,0.6,50,0
38,123,0.6,50,0
38,124,0.6,50,0
38,125,0.6,50,0
38,126,0.6,50,0
38,127,0.6,50,0
38,128,0.6,50,0
38,129,0.6,50,0
38,130,0.6,50,0
38,131,0.6,50,0
38,132,0.6,50,0
38,133,0.6,50,0
38,134,0.6,50,0
38,135,0.6,50,0
38,136,0.6,50,0
38,137,0.6,50,0
38,138,0.6,50,0
38,139,0.6,50,0
38,140,0.6,50,0
38,141,0.6,50,0
38,142,0.6,50,0
38,143,0.6,50,0
38,144,0.6,50,0
38,145,0.6,50,0
38,146,0.6,50,0
38,147,0.6,50,0
38,148,0.6,50,0
38,149,0.6,50,0
38,150,0.6,50,0
38,151,0.6,50,0
38,152,0.6,50,0
38,153,0.6,50,0
38,154,0.6,50,0
38,155,0.6,50,0
38,156,0.6,50,0
38,157,0.6,50,0
38,158,0.6,50,0
38,159,0.6,50,0
38,160,0.6,50,0
38,161,0.6,50,0
38,162,0.6,50,0
38,163,0.6,50,0
38,164,0.6,50,0
38,165,0.6,50,0
38,166,0.6,50,0
38,167,0.6,50,0
38,168,0.6,50,0
38,169,0.6,50,1
38,170,0.6,50,0
38,171,0.6,50,0
38,172,0.6,50,0
38,173,0.6,50,0
38,174,0.6,50,0
38,175,0.6,50,0
38,176,0.6,50,0
38,177,0.6,50,0
38,178,0.6,50,0
38,179,0.6,50,0
38,180,0.6,50,0
38,181,0.6,50,0
38,182,0.6,50,0
38,183,0.6,50,0
38,184,0.6,50,0
38,185,0.6,50,0
38,186,0.6,50,0
38,187,0.6,50,0
38,188,0.6,50,0
38,189,0.6,50,0
38,190,0.6,50,0
38,191,0.6,50,0
38,192,0.6,50,0
38,193,0.6,50,0
38,194,0.6,50,0
38,195,0.6,50,0
38,196,0.6,50,0
38,197,0.6,50,0
38,198,0.6,50,0
38,199,0.6,50,0
38,200,0.6,50,0
38,201,0.6,50,0
38,202,0.6,50,1
38,203,0.6,50,0
38,204,0.6,50,0
38,205,0.6,50,0
38,206,0.6,50,0
38,207,0.6,50,0
38,208,0.6,50,0
38,209,0.6,50,0
38,210,0.6,50,0
38,211,0.6,50,0
38,212,0.6,50,0
38,213,0.6,50,0
38,214,0.6,50,0
38,215,0.6,50,0
38,216,0.6,50,0
38,217,0.6,50,0
38,218,0.6,50,0
38,219,0.6,50,0
38,220,0.6,50,0
38,221,0.6,50,0
38,222,0.6,50,0
38,223,0.6,50,0
38,224,0.6,50,0
38,225,0.6,50,0
38,226,0.6,50,2
38,227,0.6,50,0
38,228,0.6,50,0
38,229,0.6,50,0
38,230,0.6,50,0
38,231,0.6,50,0
38,232,0.6,50,0
38,233,0.6,50,0
38,234,0.6,50,0
38,235,0.6,50,0
38,236,0.6,50,0
38,237,0.6,50,0
38,238,0.6,50,2
38,239,0.6,50,0
38,240,0.6,50,0
38,241,0.6,50,0
38,242,0.6,50,0
38,243,0.6,50,0
38,244,0.6,50,0
38,245,0.6,50,0
38,246,0.6,50,0
38,247,0.6,50,0
38,248,0.6,50,0
38,249,0.6,50,1
38,250,0.6,50,0
38,251,0.6,50,0
38,252,0.6,50,0
38,253,0.6,50,0
38,254,0.6,50,0
38,255,0.6,50,0
38,256,0.6,50,0
38,257,0.6,50,0
38,258,0.6,50,0
38,259,0.6,50,0
38,260,0.6,50,0
38,261,0.6,50,0
38,262,0.6,50,0
38,263,0.6,50,0
38,264,0.6,50,0
38,265,0.6,50,0
38,266,0.6,50,0
38,267,0.6,50,0
38,268,0.6,50,0
38,269,0.6,50,0
38,270,0.6,50,0
38,271,0.6,50,0
38,272,0.6,50,0
38,273,0.6,50,0
38,274,0.6,50,0
38,275,0.6,50,0
38,276,0.6,50,0
38,277,0.6,50,0
38,278,0.6,50,0
38,279,0.6,50,0
38,280,0.6,50,0
38,281,0.6,50,0
38,282,0.6,50,0
38,283,0.6,50,0
38,284,0.6,50,0
38,285,0.6,50,0
38,286,0.6,50,0
38,287,0.6,50,0
38,288,0.6,50,0
38,289,0.6,50,0
38,290,0.6,50,0
38,291,0.6,50,0
38,292,0.6,50,0
38,293,0.6,50,0
38,294,0.6,50,0
38,295,0.6,50,0
38,296,0.6,50,0
38,297,0.6,50,0
38,298,0.6,50,0
38,299,0.6,50,0
38,300,0.6,50,0
38,301,0.6,50,0
38,302,0.6,50,0
38,303,0.6,50,0
38,304,0.6,50,0
38,305,0.6,50,0
38,306,0.6,50,0
38,307,0.6,50,0
38,308,0.6,50,0
38,309,0.6,50,0
38,310,0.6,50,0
38,311,0.6,50,0
38,312,0.6,50,0
38,313,0.6,50,0
38,314,0.6,50,0
38,315,0.6,50,0
38,316,0.6,50,0
38,317,0.6,50,0
38,318,0.6,50,0
38,319,0.6,50,0
38,320,0.6,50,0
38,321,0.6,50,0
38,322,0.6,50,0
38,323,0.6,50,0
38,324,0.6,50,0
38,325,0.6,50,0
38,326,0.6,50,0
38,327,0.6,50,0
38,328,0.6,50,0
38,329,0.6,50,0
38,330,0.6,50,0
38,331,0.6,50,0
38,332,0.6,50,0
38,333,0.6,50,0
38,334,0.6,50,0
38,335,0.6,50,0
38,336,0.6,50,1
38,337,0.6,50,0
38,338,0.6,50,0
38,339,0.6,50,0
38,340,0.6,50,0
38,341,0.6,50,0
38,342,0.6,50,0
38,343,0.6,50,0
38,344,0.6,50,0
38,345,0.6,50,2
38,346,0.6,50,0
38,347,0.6,50,0
38,348,0.6,50,0
38,349,0.6,50,0
38,350,0.6,50,0
38,351,0.6,50,0
39,0,0.6,50,0
39,1,0.6,50,0
39,2,0.6,50,0
39,3,0.6,50,0
39,4,0.6,50,0
39,5,0.6,50,0
39,6,0.6,50,1
39,7,0.6,50,0
39,8,0.6,50,0
39,9,0.6,50,0
39,10,0.6,50,1
39,11,0.6,50,0
39,12,0.6,50,0
39,13,0.6,50,0
39,14,0.6,50,0
39,15,0.6,50,0
39,16,0.6,50,0
39,17,0.6,50,0
39,18,0.6,50,0
39,19,0.6,50,0
39,20,0.6,50,0
39,21,0.6,50,0
39,22,0.6,50,0
39,23,0.6,50,0
39,24,0.6,50,0
39,25,0.6,50,0
39,26,0.6,50,0
39,27,0.6,50,0
39,28,0.6,50,0
39,29,0.6,50,0
39,30,0.6,50,0
39,31,0.6,50,0
39,32,0.6,50,0
39,33,0.6,50,0
39,34,0.6,50,0
39,35,0.6,50,0
39,36,0.6,50,0
39,37,0.6,50,0
39,38,0.6,50,0
39,39,0.6,50,0
39,40,0.6,50,0
39,41,0.6,50,0
39,42,0.6,50,0
39,43,0.6,50,0
39,44,0.6,50,0
39,45,0.6,50,0
39,46,0.6,50,0
39,47,0.6,50,0
39,48,0.6,50,0
39,49,0.6,50,0
39,50,0.6,50,0
39,51,0.6,50,0
39,52,0.6,50,0
39,53,0.6,50,0
39,54,0.6,50,0
39,55,0.6,50,0
39,56,0.6,50,0
39,57,0.6,50,0
39,58,0.6,50,0
39,59,0.6,50,0
39,60,0.6,50,0
39,61,0.6,50,0
39,62,0.6,50,0
39,63,0.6,50,0
39,64,0.6,50,0
39,65,0.6,50,0
39,66,0.6,50,0
39,67,0.6,50,0
39,68,0.6,50,0
39,69,0.6,50,0
39,70,0.6,50,0
39,71,0.6,50,0
39,72,0.6,50,0
39,73,0.6,50,0
39,74,0.6,50,0
39,75,0.6,50,0
39,76,0.6,50,0
39,77,0.6,50,0
39,78,0.6,50,0
39,79,0.6,50,0
39,80,0.6,50,0
39,81,0.6,50,0
39,82,0.6,50,0
39,83,0.6,50,0
39,84,0.6,50,0
39,85,0.6,50,0
39,86,0.6,50,0
39,87,0.6,50,0
39,88,0.6,50,0
39,89,0.6,50,0
39,90,0.6,50,0
39,91,0.6,50,0
39,92,0.6,50,0
39,93,0.6,50,0
39,94,0.6,50,0
39,95,0.6,50,0
39,96,0.6,50,0
39,97,0.6,50,0
39,98,0.6,50,0
39,99,0.6,50,0
39,100,0.6,50,0
39,101,0.6,50,0
39,102,0.6,50,0
39,103,0.6,50,0
39,104,0.6,50,0
39,105,0.6,50,0
39,106,0.6,50,0
39,107,0.6,50,0
39,108,0.6,50,0
39,109,0.6,50,0
39,110,0.6,50,0
39,111,0.6,50,0
39,112,0.6,50,0
39,113,0.6,50,0
39,114,0.6,50,0
39,115,0.6,50,0
39,116,0.6,50,0
39,117,0.6,50,0
39,118,0.6,50,0
39,119,0.6,50,0
39,120,0.6,50,0
39,121,0.6,50,0
39,122,0.6,50,0
39,123,0.6,50,0
39,124,0.6,50,0
39,125,0.6,50,0
39,126,0.6,50,0
39,127,0.6,50,0
39,128,0.6,50,0
39,129,0.6,50,0
39,130,0.6,50,0
39,131,0.6,50,0
39,132,0.6,50,0
39,133,0.6,50,0
39,134,0.6,50,0
39,135,0.6,50,0
39,136,0.6,50,0
39,137,0.6,50,0
39,138,0.6,50,0
39,139,0.6,50,0
39,140,0.6,50,0
39,141,0.6,50,0
39,142,0.6,50,0
39,143,0.6,50,0
39,144,0.6,50,0
39,145,0.6,50,0
39,146,0.6,50,0
39,147,0.6,50,0
39,148,0.6,50,0
39,149,0.6,50,0
39,150,0.6,50,0
39,151,0.6,50,0
39,152,0.6,50,0
39,153,0.6,50,0
39,154,0.6,50,0
39,155,0.6,50,0
39,156,0.6,50,0
39,157,0.6,50,0
39,158,0.6,50,0
39,159,0.6,50,0
39,160,0.6,50,0
39,161,0.6,50,0
39,162,0.6,50,0
39,163,0.6,50,0
39,164,0.6,50,0
39,165,0.6,50,0
39,166,0.6,50,2
39,167,0.6,50,0
39,168,0.6,50,0
39,169,0.6,50,0
39,170,0.6,50,0
39,171,0.6,50,0
39,172,0.6,50,0
39,173,0.6,50,0
39,174,0.6,50,0
39,175,0.6,50,0
39,176,0.6,50,0
39,177,0.6,50,0
39,178,0.6,50,0
39,179,0.6,50,0
39,180,0.6,50,0
39,181,0.6,50,0
39,182,0.6,50,0
39,183,0.6,50,0
39,184,0.6,50,0
39,185,0.6,50,0
39,186,0.6,50,0
39,187,0.6,50,0
39,188,0.6,50,2
39,189,0.6,50,0
39,190,0.6,50,0
39,191,0.6,50,0
39,192,0.6,50,0
39,193,0.6,50,0
39,194,0.6,50,0
39,195,0.6,50,0
39,196,0.6,50,0
39,197,0.6,50,0
39,198,0.6,50,0
39,199,0.6,50,0
39,200,0.6,50,3
39,201,0.6,50,0
39,202,0.6,50,0
39,203,0.6,50,0
39,204,0.6,50,0
39,205,0.6,50,0
39,206,0.6,50,0
39,207,0.6,50,0
39,208,0.6,50,0
39,209,0.6,50,0
39,210,0.6,50,0
39,211,0.6,50,0
39,212,0.6,50,0
39,213,0.6,50,0
39,214,0.6,50,0
39,215,0.6,50,0
39,216,0.6,50,0
39,217,0.6,50,0
39,218,0.6,50,0
39,219,0.6,50,0
39,220,0.6,50,0
39,221,0.6,50,0
39,222,0.6,50,3
39,223,0.6,50,0
39,224,0.6,50,0
39,225,0.6,50,0
39,226,0.6,50,0
39,227,0.6,50,0
39,228,0.6,50,0
39,229,0.6,50,0
39,230,0.6,50,0
39,231,0.6,50,0
39,232,0.6,50,0
39,233,0.6,50,0
39,234,0.6,50,0
39,235,0.6,50,0
39,236,0.6,50,0
39,237,0.6,50,0
39,238,0.6,50,2
39,239,0.6,50,0
39,240,0.6,50,0
39,241,0.6,50,0
39,242,0.6,50,0
39,243,0.6,50,0
39,244,0.6,50,0
39,245,0.6,50,0
39,246,0.6,50,0
39,247,0.6,50,0
39,248,0.6,50,0
39,249,0.6,50,0
39,250,0.6,50,0
39,251,0.6,50,0
39,252,0.6,50,0
39,253,0.6,50,0
39,254,0.6,50,0
39,255,0.6,50,0
39,256,0.6,50,0
39,257,0.6,50,0
39,258,0.6,50,0
39,259,0.6,50,0
39,260,0.6,50,0
39,261,0.6,50,0
39,262,0.6,50,0
39,263,0.6,50,0
39,264,0.6,50,0
39,265,0.6,50,0
39,266,0.6,50,0
39,267,0.6,50,0
39,268,0.6,50,0
39,269,0.6,50,0
39,270,0.6,50,0
39,271,0.6,50,0
39,272,0.6,50,0
39,273,0.6,50,0
39,274,0.6,50,0
39,275,0.6,50,0
39,276,0.6,50,0
39,277,0.6,50,1
39,278,0.6,50,0
39,279,0.6,50,0
39,280,0.6,50,1
39,281,0.6,50,0
39,282,0.6,50,0
39,283,0.6,50,0
39,284,0.6,50,0
39,285,0.6,50,0
39,286,0.6,50,0
39,287,0.6,50,0
39,288,0.6,50,0
39,289,0.6,50,0
39,290,0.6,50,0
39,291,0.6,50,0
39,292,0.6,50,2
39,293,0.6,50,0
39,294,0.6,50,0
39,295,0.6,50,0
39,296,0.6,50,0
39,297,0.6,50,0
39,298,0.6,50,0
39,299,0.6,50,0
39,300,0.6,50,0
39,301,0.6,50,0
39,302,0.6,50,0
39,303,0.6,50,0
39,304,0.6,50,0
39,305,0.6,50,0
39,306,0.6,50,0
39,307,0.6,50,0
39,308,0.6,50,0
39,309,0.6,50,0
39,310,0.6,50,0
39,311,0.6,50,2
39,312,0.6,50,0
39,313,0.6,50,0
39,314,0.6,50,0
39,315,0.6,50,0
39,316,0.6,50,0
39,317,0.6,50,0
39,318,0.6,50,0
39,319,0.6,50,0
39,320,0.6,50,0
39,321,0.6,50,1
39,322,0.6,50,0
39,323,0.6,50,0
39,324,0.6,50,0
39,325,0.6,50,0
39,326,0.6,50,0
39,327,0.6,50,0
39,328,0.6,50,0
39,329,0.6,50,0
39,330,0.6,50,0
39,331,0.6,50,0
39,332,0.6,50,0
39,333,0.6,50,0
39,334,0.6,50,0
39,335,0.6,50,0
39,336,0.6,50,0
39,337,0.6,50,0
39,338,0.6,50,0
39,339,0.6,50,0
39,340,0.6,50,0
39,341,0.6,50,0
39,342,0.6,50,0
39,343,0.6,50,0
39,344,0.6,50,0
39,345,0.6,50,0
39,346,0.6,50,0
39,347,0.6,50,0
39,348,0.6,50,0
39,349,0.6,50,0
39,350,0.6,50,0
39,351,0.6,50,0
39,352,0.6,50,0
39,353,0.6,50,0
39,354,0.6,50,0
39,355,0.6,50,0
39,356,0.6,50,0
39,357,0.6,50,0
39,358,0.6,50,0
39,359,0.6,50,0
39,360,0.6,50,0
39,361,0.6,50,0
39,362,0.6,50,0
39,363,0.6,50,0
39,364,0.6,50,0
39,365,0.6,50,0
39,366,0.6,50,0
39,367,0.6,50,0
39,368,0.6,50,0
39,369,0.6,50,0
39,370,0.6,50,0
40,0,0.6,50,0
40,1,0.6,50,0
40,2,0.6,50,0
40,3,0.6,50,0
40,4,0.6,50,0
40,5,0.6,50,0
40,6,0.6,50,0
40,7,0.6,50,0
40,8,0.6,50,0
40,9,0.6,50,0
40,10,0.6,50,0
40,11,0.6,50,0
40,12,0.6,50,0
40,13,0.6,50,0
40,14,0.6,50,0
40,15,0.6,50,0
40,16,0.6,50,0
40,17,0.6,50,0
40,18,0.6,50,0
40,19,0.6,50,0
40,20,0.6,50,0
40,21,0.6,50,0
40,22,0.6,50,0
40,23,0.6,50,0
40,24,0.6,50,0
40,25,0.6,50,0
40,26,0.6,50,0
40,27,0.6,50,0
40,28,0.6,50,0
40,29,0.6,50,0
40,30,0.6,50,0
40,31,0.6,50,0
40,32,0.6,50,0
40,33,0.6,50,0
40,34,0.6,50,0
40,35,0.6,50,0
40,36,0.6,50,0
40,37,0.6,50,0
40,38,0.6,50,0
40,39,0.6,50,0
40,40,0.6,50,0
40,41,0.6,50,0
40,42,0.6,50,0
40,43,0.6,50,0
40,44,0.6,50,0
40,45,0.6,50,0
40,46,0.6,50,0
40,47,0.6,50,0
40,48,0.6,50,0
40,49,0.6,50,0
40,50,0.6,50,0
40,51,0.6,50,0
40,52,0.6,50,0
40,53,0.6,50,0
40,54,0.6,50,0
40,55,0.6,50,0
40,56,0.6,50,0
40,57,0.6,50,0
40,58,0.6,50,0
40,59,0.6,50,0
40,60,0.6,50,0
40,61,0.6,50,0
40,62,0.6,50,0
40,63,0.6,50,0
40,64,0.6,50,0
40,65,0.6,50,0
40,66,0.6,50,0
40,67,0.6,50,0
40,68,0.6,50,0
40,69,0.6,50,0
40,70,0.6,50,0
40,71,0.6,50,0
40,72,0.6,50,0
40,73,0.6,50,0
40,74,0.6,50,0
40,75,0.6,50,0
40,76,0.6,50,0
40,77,0.6,50,0
40,78,0.6,50,0
40,79,0.6,50,0
40,80,0.6,50,0
40,81,0.6,50,0
40,82,0.6,50,0
40,83,0.6,50,0
40,84,0.6,50,0
40,85,0.6,50,0
40,86,0.6,50,0
40,87,0.6,50,0
40,88,0.6,50,0
40,89,0.6,50,0
40,90,0.6,50,0
40,91,0.6,50,0
40,92,0.6,50,0
40,93,0.6,50,0
40,94,0.6,50,0
40,95,0.6,50,0
40,96,0.6,50,0
40,97,0.6,50,0
40,98,0.6,50,0
40,99,0.6,50,0
40,100,0.6,50,0
40,101,0.6,50,0
40,102,0.6,50,0
40,103,0.6,50,0
40,104,0.6,50,0
40,105,0.6,50,0
40,106,0.6,50,0
40,107,0.6,50,0
40,108,0.6,50,0
40,109,0.6,50,0
40,110,0.6,50,0
40,111,0.6,50,0
40,112,0.6,50,0
40,113,0.6,50,0
40,114,0.6,50,0
40,115,0.6,50,0
40,116,0.6,50,0
40,117,0.6,50,0
40,118,0.6,50,0
40,119,0.6,50,0
40,120,0.6,50,0
40,121,0.6,50,0
40,122,0.6,50,0
40,123,0.6,50,0
40,124,0.6,50,0
40,125,0.6,50,0
40,126,0.6,50,0
40,127,0.6,50,0
40,128,0.6,50,0
40,129,0.6,50,0
40,130,0.6,50,0
40,131,0.6,50,0
40,132,0.6,50,0
40,133,0.6,50,0
40,134,0.6,50,0
40,135,0.6,50,0
40,136,0.6,50,0
40,137,0.6,50,0
40,138,0.6,50,0
40,139,0.6,50,0
40,140,0.6,50,0
40,141,0.6,50,0
40,142,0.6,50,0
40,143,0.6,50,0
40,144,0.6,50,0
40,145,0.6,50,0
40,146,0.6,50,0
40,147,0.6,50,0
40,148,0.6,50,0
40,149,0.6,50,0
40,150,0.6,50,0
40,151,0.6,50,0
40,152,0.6,50,0
40,153,0.6,50,0
40,154,0.6,50,0
40,155,0.6,50,0
40,156,0.6,50,0
40,157,0.6,50,0
40,158,0.6,50,0
40,159,0.6,50,0
40,160,0.6,50,0
40,161,0.6,50,0
40,162,0.6,50,0
40,163,0.6,50,0
40,164,0.6,50,0
40,165,0.6,50,0
40,166,0.6,50,0
40,167,0.6,50,0
40,168,0.6,50,0
40,169,0.6,50,0
40,170,0.6,50,0
40,171,0.6,50,0
40,172,0.6,50,0
40,173,0.6,50,0
40,174,0.6,50,0
40,175,0.6,50,0
40,176,0.6,50,0
40,177,0.6,50,0
40,178,0.6,50,0
40,179,0.6,50,1
40,180,0.6,50,0
40,181,0.6,50,0
40,182,0.6,50,1
40,183,0.6,50,0
40,184,0.6,50,0
40,185,0.6,50,0
40,186,0.6,50,0
40,187,0.6,50,0
40,188,0.6,50,0
40,189,0.6,50,0
40,190,0.6,50,0
40,191,0.6,50,0
40,192,0.6,50,0
40,193,0.6,50,0
40,194,0.6,50,0
40,195,0.6,50,0
40,196,0.6,50,0
40,197,0.6,50,0
40,198,0.6,50,0
40,199,0.6,50,0
40,200,0.6,50,0
40,201,0.6,50,0
40,202,0.6,50,0
40,203,0.6,50,0
40,204,0.6,50,0
40,205,0.6,50,0
40,206,0.6,50,0
40,207,0.6,50,0
40,208,0.6,50,0
40,209,0.6,50,0
40,210,0.6,50,0
40,211,0.6,50,0
40,212,0.6,50,0
40,213,0.6,50,0
40,214,0.6,50,0
40,215,0.6,50,0
40,216,0.6,50,0
40,217,0.6,50,0
40,218,0.6,50,0
40,219,0.6,50,0
40,220,0.6,50,0
40,221,0.6,50,0
40,222,0.6,50,0
40,223,0.6,50,0
40,224,0.6,50,0
40,225,0.6,50,0
40,226,0.6,50,0
40,227,0.6,50,0
40,228,0.6,50,0
40,229,0.6,50,0
40,230,0.6,50,0
40,231,0.6,50,0
40,232,0.6,50,0
40,233,0.6,50,0
40,234,0.6,50,0
40,235,0.6,50,0
40,236,0.6,50,0
40,237,0.6,50,0
40,238,0.6,50,0
40,239,0.6,50,0
40,240,0.6,50,0
40,241,0.6,50,0
40,242,0.6,50,0
40,243,0.6,50,0
40,244,0.6,50,0
40,245,0.6,50,0
40,246,0.6,50,0
40,247,0.6,50,2
40,248,0.6,50,0
40,249,0.6,50,0
40,250,0.6,50,0
40,251,0.6,50,0
40,252,0.6,50,0
40,253,0.6,50,0
40,254,0.6,50,0
40,255,0.6,50,0
40,256,0.6,50,0
40,257,0.6,50,0
40,258,0.6,50,0
40,259,0.6,50,0
40,260,0.6,50,0
40,261,0.6,50,0
40,262,0.6,50,0
40,263,0.6,50,0
40,264,0.6,50,0
40,265,0.6,50,0
40,266,0.6,50,0
40,267,0.6,50,0
40,268,0.6,50,0
40,269,0.6,50,0
40,270,0.6,50,0
40,271,0.6,50,0
40,272,0.6,50,0
40,273,0.6,50,0
40,274,0.6,50,0
40,275,0.6,50,0
40,276,0.6,50,0
40,277,0.6,50,0
40,278,0.6,50,0
40,279,0.6,50,0
40,280,0.6,50,2
40,281,0.6,50,0
40,282,0.6,50,0
40,283,0.6,50,0
40,284,0.6,50,0
40,285,0.6,50,0
40,286,0.6,50,0
40,287,0.6,50,0
40,288,0.6,50,0
40,289,0.6,50,0
40,290,0.6,50,0
40,291,0.6,50,0
40,292,0.6,50,0
40,293,0.6,50,0
40,294,0.6,50,0
40,295,0.6,50,0
40,296,0.6,50,0
40,297,0.6,50,0
40,298,0.6,50,0
40,299,0.6,50,0
40,300,0.6,50,0
40,301,0.6,50,0
40,302,0.6,50,0
40,303,0.6,50,0
40,304,0.6,50,0
40,305,0.6,50,0
40,306,0.6,50,0
40,307,0.6,50,0
40,308,0.6,50,0
40,309,0.6,50,0
40,310,0.6,50,0
40,311,0.6,50,0
40,312,0.6,50,0
40,313,0.6,50,0
40,314,0.6,50,0
40,315,0.6,50,2
40,316,0.6,50,0
40,317,0.6,50,0
40,318,0.6,50,0
40,319,0.6,50,0
40,320,0.6,50,0
40,321,0.6,50,0
40,322,0.6,50,2
40,323,0.6,50,0
40,324,0.6,50,0
40,325,0.6,50,0
40,326,0.6,50,0
40,327,0.6,50,0
40,328,0.6,50,0
40,329,0.6,50,0
40,330,0.6,50,0
40,331,0.6,50,0
40,332,0.6,50,0
40,333,0.6,50,0
40,334,0.6,50,0
40,335,0.6,50,0
40,336,0.6,50,0
40,337,0.6,50,0
40,338,0.6,50,0
40,339,0.6,50,0
40,340,0.6,50,0
40,341,0.6,50,0
40,342,0.6,50,0
40,343,0.6,50,0
40,344,0.6,50,0
40,345,0.6,50,0
40,346,0.6,50,0
40,347,0.6,50,0
40,348,0.6,50,0
40,349,0.6,50,0
40,350,0.6,50,0
40,351,0.6,50,7
40,352,0.6,50,0
40,353,0.6,50,0
40,354,0.6,50,0
40,355,0.6,50,0
40,356,0.6,50,0
40,357,0.6,50,0
40,358,0.6,50,0
40,359,0.6,50,0
40,360,0.6,50,0
40,361,0.6,50,0
40,362,0.6,50,0
40,363,0.6,50,0
40,364,0.6,50,0
40,365,0.6,50,0
40,366,0.6,50,0
40,367,0.6,50,0
40,368,0.6,50,0
40,369,0.6,50,0
40,370,0.6,50,0
40,371,0.6,50,0
40,372,0.6,50,0
40,373,0.6,50,0
40,374,0.6,50,0
40,375,0.6,50,0
40,376,0.6,50,0
40,377,0.6,50,0
40,378,0.6,50,0
40,379,0.6,50,0
40,380,0.6,50,0
40,381,0.6,50,0
40,382,0.6,50,0
40,383,0.6,50,0
40,384,0.6,50,0
40,385,0.6,50,0
40,386,0.6,50,0
40,387,0.6,50,0
40,388,0.6,50,0
40,389,0.6,50,0
40,390,0.6,50,0
