n,m,diff
2,0,0
3,0,0
3,1,0
4,0,0
4,1,0
4,2,0
4,3,0
5,0,0
5,1,0
5,2,0
5,3,0
5,4,0
5,5,0
6,0,0
6,1,0
6,2,0
6,3,0
6,4,0
6,5,0
6,6,0
6,7,0
7,0,0
7,1,0
7,2,0
7,3,0
7,4,0
7,5,0
7,6,0
7,7,0
7,8,0
7,9,0
7,10,0
8,0,0
8,1,0
8,2,0
8,3,0
8,4,0
8,5,0
8,6,0
8,7,0
8,8,0
8,9,0
8,10,0
8,11,0
8,12,0
8,13,0
8,14,0
9,0,0
9,1,0
9,2,0
9,3,0
9,4,0
9,5,0
9,6,0
9,7,0
9,8,0
9,9,0
9,10,0
9,11,0
9,12,0
9,13,0
9,14,0
9,15,0
9,16,0
9,17,1
9,18,0
10,0,0
10,1,0
10,2,0
10,3,0
10,4,0
10,5,0
10,6,0
10,7,0
10,8,0
10,9,0
10,10,0
10,11,0
10,12,0
10,13,0
10,14,0
10,15,0
10,16,0
10,17,0
10,18,0
10,19,0
10,20,0
10,21,0
10,22,0
11,0,0
11,1,0
11,2,0
11,3,0
11,4,0
11,5,0
11,6,0
11,7,0
11,8,0
11,9,0
11,10,0
11,11,0
11,12,0
11,13,0
11,14,0
11,15,0
11,16,0
11,17,0
11,18,0
11,19,0
11,20,0
11,21,0
11,22,0
11,23,0
11,24,0
11,25,0
11,26,0
11,27,0
12,0,0
12,1,0
12,2,0
12,3,0
12,4,0
12,5,0
12,6,0
12,7,0
12,8,0
12,9,0
12,10,0
12,11,0
12,12,0
12,13,0
12,14,0
12,15,0
12,16,0
12,17,0
12,18,0
12,19,0
12,20,0
12,21,0
12,22,0
12,23,0
12,24,0
12,25,1
12,26,0
12,27,0
12,28,0
12,29,0
12,30,0
12,31,0
12,32,0
12,33,0
13,0,0
13,1,0
13,2,0
13,3,0
13,4,0
13,5,0
13,6,0
13,7,0
13,8,0
13,9,0
13,10,0
13,11,1
13,12,0
13,13,0
13,14,0
13,15,0
13,16,0
13,17,0
13,18,0
13,19,0
13,20,0
13,21,0
13,22,0
13,23,0
13,24,0
13,25,0
13,26,0
13,27,0
13,28,0
13,29,0
13,30,0
13,31,0
13,32,0
13,33,0
13,34,0
13,35,0
13,36,0
13,37,0
13,38,0
13,39,0
14,0,0
14,1,0
14,2,0
14,3,0
14,4,0
14,5,0
14,6,0
14,7,0
14,8,0
14,9,0
14,10,0
14,11,0
14,12,0
14,13,0
14,14,0
14,15,0
14,16,0
14,17,0
14,18,0
14,19,0
14,20,0
14,21,0
14,22,0
14,23,0
14,24,0
14,25,0
14,26,0
14,27,1
14,28,0
14,29,0
14,30,0
14,31,0
14,32,0
14,33,0
14,34,0
14,35,0
14,36,0
14,37,0
14,38,0
14,39,0
14,40,0
14,41,1
14,42,0
14,43,0
14,44,0
14,45,0
15,0,0
15,1,0
15,2,0
15,3,0
15,4,0
15,5,0
15,6,0
15,7,0
15,8,0
15,9,0
15,10,0
15,11,0
15,12,0
15,13,0
15,14,0
15,15,0
15,16,0
15,17,0
15,18,0
15,19,0
15,20,0
15,21,0
15,22,0
15,23,0
15,24,0
15,25,0
15,26,0
15,27,0
15,28,0
15,29,0
15,30,1
15,31,0
15,32,0
15,33,0
15,34,0
15,35,0
15,36,0
15,37,0
15,38,1
15,39,0
15,40,0
15,41,2
15,42,0
15,43,0
15,44,0
15,45,0
15,46,0
15,47,0
15,48,0
15,49,0
15,50,0
15,51,0
15,52,0
16,0,0
16,1,0
16,2,0
16,3,0
16,4,0
16,5,0
16,6,0
16,7,0
16,8,0
16,9,0
16,10,0
16,11,0
16,12,0
16,13,0
16,14,0
16,15,0
16,16,0
16,17,0
16,18,0
16,19,0
16,20,0
16,21,0
16,22,0
16,23,0
16,24,0
16,25,0
16,26,0
16,27,1
16,28,0
16,29,0
16,30,0
16,31,0
16,32,0
16,33,0
16,34,0
16,35,0
16,36,0
16,37,0
16,38,0
16,39,0
16,40,0
16,41,0
16,42,0
16,43,0
16,44,0
16,45,0
16,46,0
16,47,0
16,48,0
16,49,0
16,50,0
16,51,0
16,52,0
16,53,0
16,54,0
16,55,0
16,56,0
16,57,0
16,58,0
16,59,0
16,60,0
17,0,0
17,1,0
17,2,0
17,3,0
17,4,0
17,5,0
17,6,0
17,7,0
17,8,0
17,9,0
17,10,0
17,11,0
17,12,0
17,13,0
17,14,0
17,15,0
17,16,0
17,17,0
17,18,0
17,19,0
17,20,0
17,21,0
17,22,0
17,23,0
17,24,0
17,25,0
17,26,0
17,27,0
17,28,0
17,29,0
17,30,0
17,31,0
17,32,0
17,33,0
17,34,0
17,35,0
17,36,0
17,37,1
17,38,1
17,39,0
17,40,0
17,41,0
17,42,0
17,43,0
17,44,0
17,45,0
17,46,0
17,47,0
17,48,0
17,49,0
17,50,0
17,51,2
17,52,0
17,53,0
17,54,2
17,55,0
17,56,0
17,57,0
17,58,0
17,59,0
17,60,0
17,61,0
17,62,0
17,63,0
17,64,0
17,65,0
17,66,0
17,67,0
17,68,0
18,0,0
18,1,0
18,2,0
18,3,0
18,4,0
18,5,0
18,6,0
18,7,0
18,8,0
18,9,0
18,10,0
18,11,0
18,12,0
18,13,0
18,14,0
18,15,0
18,16,0
18,17,0
18,18,0
18,19,0
18,20,0
18,21,0
18,22,1
18,23,0
18,24,0
18,25,0
18,26,0
18,27,0
18,28,0
18,29,0
18,30,0
18,31,0
18,32,0
18,33,0
18,34,0
18,35,1
18,36,1
18,37,0
18,38,0
18,39,1
18,40,0
18,41,0
18,42,0
18,43,0
18,44,0
18,45,0
18,46,0
18,47,0
18,48,1
18,49,0
18,50,0
18,51,0
18,52,2
18,53,0
18,54,0
18,55,0
18,56,0
18,57,0
18,58,0
18,59,2
18,60,0
18,61,0
18,62,0
18,63,0
18,64,1
18,65,1
18,66,0
18,67,0
18,68,0
18,69,0
18,70,4
18,71,0
18,72,0
18,73,0
18,74,1
18,75,0
18,76,0
19,0,0
19,1,0
19,2,0
19,3,0
19,4,0
19,5,0
19,6,0
19,7,0
19,8,0
19,9,0
19,10,0
19,11,0
19,12,0
19,13,0
19,14,0
19,15,0
19,16,0
19,17,0
19,18,0
19,19,0
19,20,0
19,21,0
19,22,0
19,23,0
19,24,0
19,25,0
19,26,0
19,27,0
19,28,0
19,29,0
19,30,1
19,31,0
19,32,0
19,33,0
19,34,0
19,35,0
19,36,0
19,37,1
19,38,0
19,39,0
19,40,0
19,41,0
19,42,0
19,43,0
19,44,0
19,45,0
19,46,0
19,47,0
19,48,0
19,49,0
19,50,0
19,51,0
19,52,0
19,53,0
19,54,0
19,55,0
19,56,0
19,57,0
19,58,0
19,59,3
19,60,0
19,61,0
19,62,0
19,63,0
19,64,0
19,65,0
19,66,0
19,67,0
19,68,1
19,69,0
19,70,0
19,71,5
19,72,2
19,73,0
19,74,0
19,75,0
19,76,0
19,77,0
19,78,1
19,79,0
19,80,1
19,81,0
19,82,2
19,83,0
19,84,0
19,85,1
20,0,0
20,1,0
20,2,0
20,3,0
20,4,0
20,5,0
20,6,0
20,7,0
20,8,0
20,9,0
20,10,0
20,11,0
20,12,0
20,13,0
20,14,0
20,15,1
20,16,0
20,17,0
20,18,0
20,19,0
20,20,0
20,21,0
20,22,0
20,23,0
20,24,0
20,25,0
20,26,0
20,27,0
20,28,0
20,29,1
20,30,0
20,31,0
20,32,0
20,33,0
20,34,1
20,35,0
20,36,0
20,37,0
20,38,0
20,39,0
20,40,0
20,41,0
20,42,0
20,43,0
20,44,0
20,45,0
20,46,2
20,47,0
20,48,0
20,49,0
20,50,0
20,51,0
20,52,0
20,53,0
20,54,0
20,55,0
20,56,0
20,57,0
20,58,0
20,59,0
20,60,0
20,61,0
20,62,0
20,63,0
20,64,1
20,65,0
20,66,0
20,67,0
20,68,0
20,69,0
20,70,0
20,71,0
20,72,0
20,73,2
20,74,0
20,75,2
20,76,1
20,77,0
20,78,0
20,79,0
20,80,1
20,81,0
20,82,0
20,83,3
20,84,0
20,85,0
20,86,0
20,87,0
20,88,0
20,89,0
20,90,0
20,91,0
20,92,0
20,93,2
20,94,0
20,95,0
21,0,0
21,1,0
21,2,0
21,3,0
21,4,0
21,5,0
21,6,0
21,7,0
21,8,0
21,9,0
21,10,0
21,11,0
21,12,0
21,13,0
21,14,0
21,15,0
21,16,0
21,17,0
21,18,0
21,19,0
21,20,1
21,21,0
21,22,0
21,23,0
21,24,0
21,25,0
21,26,0
21,27,0
21,28,0
21,29,0
21,30,0
21,31,0
21,32,0
21,33,0
21,34,0
21,35,0
21,36,0
21,37,0
21,38,0
21,39,0
21,40,0
21,41,0
21,42,0
21,43,0
21,44,0
21,45,0
21,46,0
21,47,0
21,48,0
21,49,0
21,50,0
21,51,0
21,52,0
21,53,0
21,54,0
21,55,0
21,56,0
21,57,0
21,58,0
21,59,0
21,60,0
21,61,0
21,62,0
21,63,0
21,64,0
21,65,0
21,66,0
21,67,0
21,68,0
21,69,0
21,70,0
21,71,0
21,72,0
21,73,0
21,74,2
21,75,1
21,76,0
21,77,0
21,78,0
21,79,0
21,80,2
21,81,0
21,82,1
21,83,0
21,84,0
21,85,0
21,86,3
21,87,0
21,88,0
21,89,0
21,90,0
21,91,0
21,92,0
21,93,0
21,94,0
21,95,0
21,96,1
21,97,0
21,98,0
21,99,0
21,100,0
21,101,0
21,102,4
21,103,0
21,104,0
21,105,0
22,0,0
22,1,0
22,2,0
22,3,0
22,4,0
22,5,0
22,6,0
22,7,0
22,8,0
22,9,0
22,10,0
22,11,0
22,12,0
22,13,1
22,14,0
22,15,0
22,16,0
22,17,0
22,18,0
22,19,0
22,20,0
22,21,0
22,22,0
22,23,1
22,24,0
22,25,0
22,26,0
22,27,0
22,28,0
22,29,0
22,30,0
22,31,0
22,32,0
22,33,0
22,34,0
22,35,0
22,36,0
22,37,0
22,38,2
22,39,0
22,40,0
22,41,0
22,42,0
22,43,0
22,44,2
22,45,3
22,46,3
22,47,0
22,48,0
22,49,0
22,50,0
22,51,1
22,52,0
22,53,3
22,54,0
22,55,0
22,56,3
22,57,0
22,58,1
22,59,0
22,60,1
22,61,0
22,62,0
22,63,0
22,64,1
22,65,0
22,66,0
22,67,0
22,68,0
22,69,0
22,70,0
22,71,0
22,72,0
22,73,0
22,74,0
22,75,0
22,76,0
22,77,0
22,78,0
22,79,0
22,80,0
22,81,0
22,82,2
22,83,1
22,84,0
22,85,3
22,86,0
22,87,0
22,88,2
22,89,0
22,90,0
22,91,0
22,92,0
22,93,0
22,94,0
22,95,2
22,96,0
22,97,0
22,98,0
22,99,0
22,100,0
22,101,1
22,102,0
22,103,0
22,104,0
22,105,3
22,106,0
22,107,0
22,108,3
22,109,1
22,110,2
22,111,0
22,112,3
22,113,0
22,114,0
22,115,2
23,0,0
23,1,0
23,2,0
23,3,0
23,4,0
23,5,0
23,6,0
23,7,0
23,8,0
23,9,0
23,10,0
23,11,0
23,12,0
23,13,0
23,14,0
23,15,0
23,16,0
23,17,0
23,18,0
23,19,0
23,20,0
23,21,0
23,22,0
23,23,0
23,24,0
23,25,0
23,26,0
23,27,0
23,28,0
23,29,0
23,30,0
23,31,0
23,32,0
23,33,0
23,34,0
23,35,0
23,36,0
23,37,0
23,38,0
23,39,1
23,40,0
23,41,0
23,42,1
23,43,1
23,44,0
23,45,0
23,46,0
23,47,0
23,48,0
23,49,0
23,50,0
23,51,0
23,52,1
23,53,0
23,54,0
23,55,0
23,56,0
23,57,0
23,58,1
23,59,0
23,60,0
23,61,1
23,62,0
23,63,0
23,64,0
23,65,0
23,66,0
23,67,2
23,68,0
23,69,0
23,70,0
23,71,0
23,72,0
23,73,0
23,74,3
23,75,0
23,76,0
23,77,3
23,78,0
23,79,0
23,80,0
23,81,0
23,82,1
23,83,0
23,84,0
23,85,0
23,86,0
23,87,0
23,88,1
23,89,0
23,90,0
23,91,0
23,92,3
23,93,0
23,94,0
23,95,6
23,96,0
23,97,0
23,98,0
23,99,0
23,100,0
23,101,3
23,102,1
23,103,2
23,104,0
23,105,0
23,106,0
23,107,0
23,108,0
23,109,1
23,110,0
23,111,2
23,112,0
23,113,6
23,114,0
23,115,0
23,116,1
23,117,0
23,118,0
23,119,4
23,120,0
23,121,0
23,122,0
23,123,3
23,124,1
23,125,3
23,126,0
24,0,0
24,1,0
24,2,0
24,3,0
24,4,0
24,5,0
24,6,0
24,7,0
24,8,0
24,9,0
24,10,0
24,11,0
24,12,0
24,13,0
24,14,0
24,15,0
24,16,0
24,17,0
24,18,0
24,19,0
24,20,0
24,21,0
24,22,0
24,23,0
24,24,0
24,25,1
24,26,0
24,27,0
24,28,0
24,29,0
24,30,0
24,31,0
24,32,0
24,33,0
24,34,0
24,35,0
24,36,0
24,37,0
24,38,0
24,39,0
24,40,1
24,41,0
24,42,0
24,43,0
24,44,0
24,45,0
24,46,0
24,47,0
24,48,0
24,49,0
24,50,1
24,51,2
24,52,0
24,53,3
24,54,0
24,55,0
24,56,0
24,57,0
24,58,0
24,59,0
24,60,1
24,61,0
24,62,0
24,63,0
24,64,0
24,65,0
24,66,4
24,67,0
24,68,0
24,69,0
24,70,0
24,71,0
24,72,1
24,73,0
24,74,0
24,75,0
24,76,0
24,77,0
24,78,0
24,79,0
24,80,0
24,81,1
24,82,0
24,83,0
24,84,0
24,85,0
24,86,2
24,87,2
24,88,0
24,89,0
24,90,0
24,91,0
24,92,0
24,93,0
24,94,3
24,95,1
24,96,0
24,97,0
24,98,3
24,99,0
24,100,1
24,101,0
24,102,0
24,103,0
24,104,0
24,105,0
24,106,0
24,107,6
24,108,0
24,109,0
24,110,4
24,111,1
24,112,0
24,113,0
24,114,0
24,115,0
24,116,0
24,117,2
24,118,1
24,119,1
24,120,1
24,121,3
24,122,1
24,123,1
24,124,1
24,125,3
24,126,0
24,127,0
24,128,3
24,129,0
24,130,0
24,131,7
24,132,0
24,133,0
24,134,0
24,135,0
24,136,3
24,137,1
24,138,0
25,0,0
25,1,0
25,2,0
25,3,0
25,4,0
25,5,0
25,6,0
25,7,0
25,8,0
25,9,0
25,10,0
25,11,0
25,12,0
25,13,0
25,14,0
25,15,0
25,16,0
25,17,0
25,18,0
25,19,1
25,20,0
25,21,0
25,22,0
25,23,0
25,24,0
25,25,0
25,26,0
25,27,0
25,28,0
25,29,0
25,30,0
25,31,0
25,32,1
25,33,0
25,34,0
25,35,0
25,36,0
25,37,0
25,38,0
25,39,0
25,40,0
25,41,1
25,42,0
25,43,0
25,44,0
25,45,0
25,46,0
25,47,0
25,48,0
25,49,0
25,50,1
25,51,0
25,52,0
25,53,0
25,54,0
25,55,0
25,56,0
25,57,1
25,58,0
25,59,1
25,60,0
25,61,0
25,62,0
25,63,0
25,64,1
25,65,1
25,66,0
25,67,0
25,68,0
25,69,0
25,70,0
25,71,0
25,72,4
25,73,0
25,74,0
25,75,0
25,76,0
25,77,0
25,78,0
25,79,6
25,80,0
25,81,4
25,82,5
25,83,0
25,84,1
25,85,0
25,86,0
25,87,0
25,88,0
25,89,0
25,90,0
25,91,0
25,92,0
25,93,7
25,94,0
25,95,1
25,96,0
25,97,0
25,98,0
25,99,4
25,100,2
25,101,0
25,102,2
25,103,2
25,104,0
25,105,0
25,106,4
25,107,0
25,108,0
25,109,0
25,110,0
25,111,0
25,112,0
25,113,0
25,114,5
25,115,0
25,116,0
25,117,0
25,118,0
25,119,4
25,120,1
25,121,0
25,122,0
25,123,2
25,124,0
25,125,2
25,126,2
25,127,0
25,128,1
25,129,0
25,130,0
25,131,4
25,132,0
25,133,0
25,134,0
25,135,0
25,136,0
25,137,3
25,138,0
25,139,0
25,140,0
25,141,0
25,142,2
25,143,4
25,144,5
25,145,3
25,146,1
25,147,0
25,148,1
25,149,1
25,150,0
26,0,0
26,1,0
26,2,0
26,3,0
26,4,0
26,5,0
26,6,0
26,7,0
26,8,0
26,9,0
26,10,0
26,11,0
26,12,0
26,13,0
26,14,0
26,15,0
26,16,0
26,17,0
26,18,0
26,19,1
26,20,0
26,21,0
26,22,0
26,23,0
26,24,0
26,25,0
26,26,0
26,27,0
26,28,1
26,29,0
26,30,0
26,31,0
26,32,0
26,33,0
26,34,0
26,35,0
26,36,0
26,37,0
26,38,0
26,39,1
26,40,1
26,41,0
26,42,0
26,43,0
26,44,0
26,45,0
26,46,0
26,47,1
26,48,0
26,49,0
26,50,0
26,51,0
26,52,0
26,53,0
26,54,0
26,55,0
26,56,0
26,57,0
26,58,3
26,59,0
26,60,0
26,61,0
26,62,0
26,63,0
26,64,0
26,65,0
26,66,0
26,67,0
26,68,1
26,69,0
26,70,0
26,71,0
26,72,0
26,73,0
26,74,0
26,75,1
26,76,0
26,77,0
26,78,1
26,79,0
26,80,0
26,81,2
26,82,0
26,83,2
26,84,0
26,85,2
26,86,0
26,87,3
26,88,0
26,89,0
26,90,4
26,91,0
26,92,2
26,93,0
26,94,4
26,95,3
26,96,1
26,97,0
26,98,0
26,99,1
26,100,0
26,101,0
26,102,1
26,103,0
26,104,0
26,105,0
26,106,1
26,107,0
26,108,1
26,109,0
26,110,0
26,111,0
26,112,0
26,113,0
26,114,0
26,115,5
26,116,0
26,117,0
26,118,0
26,119,0
26,120,5
26,121,2
26,122,2
26,123,1
26,124,0
26,125,0
26,126,7
26,127,0
26,128,0
26,129,0
26,130,1
26,131,0
26,132,0
26,133,0
26,134,0
26,135,0
26,136,2
26,137,1
26,138,0
26,139,0
26,140,0
26,141,0
26,142,0
26,143,2
26,144,3
26,145,1
26,146,0
26,147,0
26,148,1
26,149,6
26,150,6
26,151,4
26,152,0
26,153,0
26,154,0
26,155,3
26,156,0
26,157,8
26,158,0
26,159,1
26,160,0
26,161,2
26,162,0
27,0,0
27,1,0
27,2,0
27,3,0
27,4,0
27,5,0
27,6,0
27,7,0
27,8,0
27,9,0
27,10,0
27,11,0
27,12,0
27,13,0
27,14,1
27,15,0
27,16,0
27,17,0
27,18,0
27,19,0
27,20,0
27,21,0
27,22,0
27,23,0
27,24,0
27,25,0
27,26,0
27,27,0
27,28,0
27,29,0
27,30,0
27,31,0
27,32,0
27,33,1
27,34,0
27,35,0
27,36,0
27,37,0
27,38,0
27,39,0
27,40,0
27,41,0
27,42,0
27,43,0
27,44,0
27,45,0
27,46,1
27,47,0
27,48,0
27,49,2
27,50,0
27,51,0
27,52,0
27,53,0
27,54,0
27,55,0
27,56,0
27,57,1
27,58,0
27,59,0
27,60,0
27,61,0
27,62,0
27,63,0
27,64,1
27,65,2
27,66,0
27,67,0
27,68,1
27,69,0
27,70,0
27,71,0
27,72,0
27,73,2
27,74,1
27,75,0
27,76,0
27,77,0
27,78,0
27,79,0
27,80,0
27,81,0
27,82,1
27,83,0
27,84,0
27,85,0
27,86,0
27,87,0
27,88,0
27,89,0
27,90,1
27,91,0
27,92,2
27,93,0
27,94,1
27,95,0
27,96,2
27,97,0
27,98,0
27,99,1
27,100,0
27,101,0
27,102,3
27,103,0
27,104,0
27,105,0
27,106,0
27,107,3
27,108,1
27,109,1
27,110,3
27,111,2
27,112,0
27,113,0
27,114,0
27,115,5
27,116,0
27,117,0
27,118,0
27,119,0
27,120,3
27,121,0
27,122,0
27,123,0
27,124,0
27,125,0
27,126,0
27,127,4
27,128,0
27,129,2
27,130,0
27,131,0
27,132,6
27,133,0
27,134,0
27,135,0
27,136,5
27,137,3
27,138,0
27,139,0
27,140,0
27,141,0
27,142,7
27,143,5
27,144,0
27,145,0
27,146,4
27,147,0
27,148,0
27,149,2
27,150,0
27,151,0
27,152,0
27,153,1
27,154,0
27,155,1
27,156,0
27,157,2
27,158,9
27,159,0
27,160,0
27,161,0
27,162,5
27,163,3
27,164,3
27,165,3
27,166,0
27,167,0
27,168,8
27,169,1
27,170,3
27,171,1
27,172,6
27,173,3
27,174,3
27,175,0
28,0,0
28,1,0
28,2,0
28,3,0
28,4,0
28,5,0
28,6,0
28,7,0
28,8,0
28,9,0
28,10,0
28,11,0
28,12,0
28,13,0
28,14,0
28,15,0
28,16,0
28,17,0
28,18,0
28,19,0
28,20,1
28,21,0
28,22,0
28,23,0
28,24,0
28,25,0
28,26,0
28,27,0
28,28,0
28,29,0
28,30,0
28,31,0
28,32,0
28,33,0
28,34,0
28,35,0
28,36,0
28,37,0
28,38,0
28,39,0
28,40,0
28,41,0
28,42,0
28,43,0
28,44,0
28,45,0
28,46,1
28,47,0
28,48,0
28,49,0
28,50,2
28,51,0
28,52,0
28,53,0
28,54,0
28,55,0
28,56,0
28,57,0
28,58,1
28,59,0
28,60,0
28,61,0
28,62,0
28,63,0
28,64,0
28,65,0
28,66,2
28,67,0
28,68,1
28,69,0
28,70,3
28,71,0
28,72,0
28,73,0
28,74,0
28,75,0
28,76,0
28,77,3
28,78,0
28,79,3
28,80,0
28,81,0
28,82,0
28,83,1
28,84,0
28,85,0
28,86,0
28,87,2
28,88,0
28,89,0
28,90,0
28,91,6
28,92,0
28,93,0
28,94,1
28,95,0
28,96,1
28,97,2
28,98,1
28,99,3
28,100,0
28,101,0
28,102,0
28,103,0
28,104,2
28,105,0
28,106,4
28,107,0
28,108,0
28,109,1
28,110,0
28,111,0
28,112,0
28,113,0
28,114,0
28,115,0
28,116,0
28,117,0
28,118,0
28,119,0
28,120,0
28,121,0
28,122,2
28,123,0
28,124,0
28,125,0
28,126,3
28,127,0
28,128,1
28,129,2
28,130,0
28,131,0
28,132,3
28,133,2
28,134,0
28,135,6
28,136,0
28,137,3
28,138,3
28,139,3
28,140,2
28,141,12
28,142,0
28,143,4
28,144,0
28,145,1
28,146,0
28,147,1
28,148,0
28,149,1
28,150,0
28,151,3
28,152,0
28,153,1
28,154,0
28,155,3
28,156,4
28,157,0
28,158,0
28,159,0
28,160,1
28,161,3
28,162,0
28,163,2
28,164,0
28,165,2
28,166,6
28,167,7
28,168,0
28,169,0
28,170,4
28,171,2
28,172,0
28,173,0
28,174,2
28,175,0
28,176,2
28,177,0
28,178,2
28,179,0
28,180,0
28,181,0
28,182,1
28,183,10
28,184,1
28,185,5
28,186,0
28,187,4
28,188,4
28,189,0
29,0,0
29,1,0
29,2,0
29,3,0
29,4,0
29,5,0
29,6,0
29,7,0
29,8,0
29,9,0
29,10,0
29,11,0
29,12,0
29,13,0
29,14,0
29,15,0
29,16,0
29,17,0
29,18,0
29,19,0
29,20,0
29,21,0
29,22,0
29,23,0
29,24,0
29,25,0
29,26,0
29,27,0
29,28,0
29,29,0
29,30,0
29,31,0
29,32,1
29,33,0
29,34,0
29,35,0
29,36,0
29,37,0
29,38,0
29,39,0
29,40,0
29,41,0
29,42,0
29,43,0
29,44,0
29,45,0
29,46,1
29,47,0
29,48,0
29,49,2
29,50,0
29,51,0
29,52,0
29,53,0
29,54,0
29,55,0
29,56,0
29,57,0
29,58,0
29,59,0
29,60,0
29,61,1
29,62,0
29,63,0
29,64,0
29,65,0
29,66,2
29,67,2
29,68,0
29,69,1
29,70,0
29,71,1
29,72,0
29,73,0
29,74,0
29,75,0
29,76,0
29,77,2
29,78,1
29,79,0
29,80,0
29,81,3
29,82,0
29,83,0
29,84,1
29,85,0
29,86,0
29,87,0
29,88,0
29,89,2
29,90,0
29,91,2
29,92,0
29,93,0
29,94,0
29,95,0
29,96,0
29,97,1
29,98,0
29,99,1
29,100,0
29,101,1
29,102,0
29,103,0
29,104,0
29,105,0
29,106,0
29,107,0
29,108,0
29,109,0
29,110,4
29,111,0
29,112,0
29,113,0
29,114,0
29,115,2
29,116,0
29,117,3
29,118,0
29,119,0
29,120,0
29,121,0
29,122,2
29,123,2
29,124,0
29,125,4
29,126,0
29,127,0
29,128,0
29,129,3
29,130,0
29,131,0
29,132,1
29,133,0
29,134,0
29,135,0
29,136,3
29,137,0
29,138,0
29,139,1
29,140,0
29,141,6
29,142,1
29,143,0
29,144,2
29,145,4
29,146,6
29,147,0
29,148,0
29,149,3
29,150,0
29,151,0
29,152,4
29,153,0
29,154,0
29,155,4
29,156,0
29,157,1
29,158,4
29,159,0
29,160,0
29,161,0
29,162,4
29,163,2
29,164,0
29,165,0
29,166,0
29,167,2
29,168,0
29,169,0
29,170,0
29,171,4
29,172,0
29,173,4
29,174,7
29,175,0
29,176,0
29,177,0
29,178,2
29,179,0
29,180,0
29,181,1
29,182,4
29,183,10
29,184,0
29,185,0
29,186,4
29,187,3
29,188,0
29,189,1
29,190,0
29,191,0
29,192,1
29,193,0
29,194,0
29,195,0
29,196,0
29,197,0
29,198,0
29,199,0
29,200,1
29,201,0
29,202,4
29,203,5
30,0,0
30,1,0
30,2,0
30,3,0
30,4,0
30,5,0
30,6,0
30,7,0
30,8,0
30,9,0
30,10,0
30,11,0
30,12,0
30,13,0
30,14,0
30,15,0
30,16,0
30,17,0
30,18,0
30,19,0
30,20,0
30,21,0
30,22,0
30,23,0
30,24,0
30,25,0
30,26,0
30,27,0
30,28,0
30,29,1
30,30,0
30,31,0
30,32,0
30,33,1
30,34,0
30,35,0
30,36,0
30,37,0
30,38,0
30,39,1
30,40,0
30,41,0
30,42,0
30,43,0
30,44,0
30,45,0
30,46,0
30,47,0
30,48,0
30,49,0
30,50,0
30,51,0
30,52,0
30,53,1
30,54,2
30,55,0
30,56,0
30,57,1
30,58,1
30,59,0
30,60,0
30,61,0
30,62,0
30,63,0
30,64,5
30,65,2
30,66,0
30,67,0
30,68,0
30,69,0
30,70,0
30,71,2
30,72,1
30,73,3
30,74,0
30,75,2
30,76,0
30,77,0
30,78,2
30,79,0
30,80,2
30,81,0
30,82,1
30,83,0
30,84,0
30,85,1
30,86,0
30,87,0
30,88,0
30,89,0
30,90,0
30,91,0
30,92,3
30,93,0
30,94,0
30,95,1
30,96,0
30,97,0
30,98,0
30,99,1
30,100,0
30,101,0
30,102,5
30,103,0
30,104,0
30,105,0
30,106,0
30,107,0
30,108,0
30,109,0
30,110,0
30,111,0
30,112,0
30,113,0
30,114,0
30,115,0
30,116,0
30,117,5
30,118,1
30,119,2
30,120,0
30,121,0
30,122,0
30,123,0
30,124,0
30,125,0
30,126,7
30,127,0
30,128,0
30,129,0
30,130,3
30,131,0
30,132,6
30,133,2
30,134,4
30,135,0
30,136,7
30,137,0
30,138,0
30,139,0
30,140,0
30,141,1
30,142,2
30,143,0
30,144,1
30,145,0
30,146,0
30,147,6
30,148,0
30,149,0
30,150,7
30,151,0
30,152,0
30,153,0
30,154,0
30,155,2
30,156,0
30,157,3
30,158,4
30,159,0
30,160,0
30,161,0
30,162,0
30,163,4
30,164,1
30,165,0
30,166,6
30,167,1
30,168,0
30,169,1
30,170,0
30,171,0
30,172,3
30,173,5
30,174,0
30,175,0
30,176,1
30,177,1
30,178,2
30,179,0
30,180,3
30,181,0
30,182,1
30,183,1
30,184,0
30,185,5
30,186,8
30,187,0
30,188,7
30,189,5
30,190,0
30,191,7
30,192,3
30,193,0
30,194,0
30,195,0
30,196,2
30,197,8
30,198,6
30,199,2
30,200,7
30,201,0
30,202,1
30,203,0
30,204,0
30,205,0
30,206,9
30,207,5
30,208,8
30,209,1
30,210,1
30,211,1
30,212,0
30,213,0
30,214,4
30,215,0
30,216,5
30,217,1
31,0,0
31,1,0
31,2,0
31,3,0
31,4,0
31,5,0
31,6,0
31,7,0
31,8,0
31,9,0
31,10,0
31,11,0
31,12,0
31,13,0
31,14,0
31,15,0
31,16,0
31,17,0
31,18,0
31,19,0
31,20,0
31,21,0
31,22,0
31,23,1
31,24,0
31,25,0
31,26,0
31,27,0
31,28,0
31,29,1
31,30,0
31,31,0
31,32,0
31,33,0
31,34,0
31,35,0
31,36,0
31,37,0
31,38,0
31,39,0
31,40,0
31,41,0
31,42,0
31,43,0
31,44,0
31,45,0
31,46,0
31,47,0
31,48,0
31,49,0
31,50,0
31,51,0
31,52,0
31,53,0
31,54,0
31,55,1
31,56,4
31,57,1
31,58,0
31,59,1
31,60,0
31,61,2
31,62,0
31,63,0
31,64,0
31,65,0
31,66,0
31,67,0
31,68,0
31,69,0
31,70,0
31,71,0
31,72,0
31,73,0
31,74,0
31,75,0
31,76,0
31,77,0
31,78,0
31,79,2
31,80,0
31,81,3
31,82,0
31,83,0
31,84,0
31,85,0
31,86,0
31,87,0
31,88,2
31,89,0
31,90,0
31,91,4
31,92,0
31,93,1
31,94,0
31,95,0
31,96,1
31,97,0
31,98,0
31,99,0
31,100,0
31,101,0
31,102,4
31,103,1
31,104,2
31,105,0
31,106,1
31,107,0
31,108,0
31,109,0
31,110,2
31,111,4
31,112,1
31,113,0
31,114,1
31,115,0
31,116,0
31,117,0
31,118,0
31,119,1
31,120,6
31,121,3
31,122,1
31,123,7
31,124,1
31,125,3
31,126,0
31,127,8
31,128,0
31,129,0
31,130,0
31,131,2
31,132,0
31,133,1
31,134,11
31,135,4
31,136,0
31,137,1
31,138,1
31,139,1
31,140,3
31,141,0
31,142,0
31,143,0
31,144,0
31,145,1
31,146,0
31,147,5
31,148,0
31,149,4
31,150,3
31,151,0
31,152,1
31,153,0
31,154,0
31,155,5
31,156,4
31,157,0
31,158,5
31,159,1
31,160,0
31,161,1
31,162,0
31,163,0
31,164,0
31,165,0
31,166,0
31,167,0
31,168,0
31,169,2
31,170,1
31,171,0
31,172,0
31,173,0
31,174,2
31,175,0
31,176,0
31,177,3
31,178,5
31,179,4
31,180,0
31,181,4
31,182,2
31,183,0
31,184,11
31,185,6
31,186,7
31,187,0
31,188,1
31,189,0
31,190,0
31,191,6
31,192,5
31,193,0
31,194,4
31,195,2
31,196,0
31,197,12
31,198,2
31,199,0
31,200,0
31,201,0
31,202,3
31,203,2
31,204,5
31,205,6
31,206,0
31,207,0
31,208,0
31,209,0
31,210,10
31,211,4
31,212,0
31,213,0
31,214,10
31,215,0
31,216,2
31,217,0
31,218,2
31,219,0
31,220,0
31,221,0
31,222,14
31,223,5
31,224,0
31,225,6
31,226,0
31,227,6
31,228,0
31,229,7
31,230,0
31,231,12
31,232,6
32,0,0
32,1,0
32,2,0
32,3,0
32,4,0
32,5,0
32,6,0
32,7,0
32,8,0
32,9,0
32,10,0
32,11,0
32,12,0
32,13,0
32,14,0
32,15,0
32,16,0
32,17,0
32,18,0
32,19,0
32,20,0
32,21,0
32,22,0
32,23,0
32,24,0
32,25,0
32,26,0
32,27,0
32,28,0
32,29,0
32,30,0
32,31,0
32,32,0
32,33,0
32,34,1
32,35,0
32,36,0
32,37,0
32,38,0
32,39,0
32,40,0
32,41,0
32,42,0
32,43,0
32,44,1
32,45,0
32,46,0
32,47,0
32,48,0
32,49,0
32,50,0
32,51,0
32,52,0
32,53,0
32,54,0
32,55,1
32,56,0
32,57,0
32,58,1
32,59,0
32,60,0
32,61,0
32,62,0
32,63,0
32,64,0
32,65,0
32,66,0
32,67,0
32,68,0
32,69,1
32,70,1
32,71,1
32,72,0
32,73,0
32,74,0
32,75,0
32,76,1
32,77,0
32,78,0
32,79,0
32,80,0
32,81,0
32,82,0
32,83,0
32,84,0
32,85,0
32,86,0
32,87,0
32,88,0
32,89,2
32,90,0
32,91,0
32,92,2
32,93,0
32,94,2
32,95,0
32,96,1
32,97,0
32,98,0
32,99,0
32,100,0
32,101,0
32,102,0
32,103,0
32,104,0
32,105,2
32,106,4
32,107,0
32,108,3
32,109,0
32,110,0
32,111,0
32,112,0
32,113,0
32,114,0
32,115,0
32,116,0
32,117,0
32,118,1
32,119,6
32,120,0
32,121,0
32,122,3
32,123,1
32,124,0
32,125,4
32,126,0
32,127,4
32,128,0
32,129,2
32,130,0
32,131,5
32,132,0
32,133,7
32,134,6
32,135,0
32,136,5
32,137,0
32,138,0
32,139,0
32,140,0
32,141,0
32,142,0
32,143,0
32,144,1
32,145,0
32,146,2
32,147,0
32,148,0
32,149,0
32,150,0
32,151,0
32,152,5
32,153,3
32,154,1
32,155,0
32,156,0
32,157,0
32,158,2
32,159,1
32,160,0
32,161,0
32,162,4
32,163,0
32,164,7
32,165,0
32,166,0
32,167,0
32,168,0
32,169,0
32,170,0
32,171,3
32,172,0
32,173,0
32,174,0
32,175,0
32,176,2
32,177,5
32,178,1
32,179,0
32,180,0
32,181,1
32,182,6
32,183,1
32,184,4
32,185,0
32,186,1
32,187,0
32,188,3
32,189,0
32,190,1
32,191,7
32,192,0
32,193,1
32,194,0
32,195,0
32,196,10
32,197,0
32,198,10
32,199,0
32,200,3
32,201,5
32,202,2
32,203,0
32,204,0
32,205,5
32,206,0
32,207,1
32,208,0
32,209,0
32,210,0
32,211,0
32,212,5
32,213,0
32,214,0
32,215,6
32,216,6
32,217,10
32,218,0
32,219,3
32,220,6
32,221,6
32,222,5
32,223,6
32,224,2
32,225,2
32,226,0
32,227,0
32,228,4
32,229,10
32,230,0
32,231,3
32,232,2
32,233,0
32,234,5
32,235,9
32,236,7
32,237,1
32,238,6
32,239,3
32,240,3
32,241,0
32,242,4
32,243,1
32,244,9
32,245,0
32,246,6
32,247,0
32,248,4
33,0,0
33,1,0
33,2,0
33,3,0
33,4,0
33,5,0
33,6,0
33,7,0
33,8,0
33,9,0
33,10,0
33,11,0
33,12,0
33,13,0
33,14,0
33,15,1
33,16,0
33,17,0
33,18,0
33,19,0
33,20,0
33,21,0
33,22,0
33,23,0
33,24,0
33,25,0
33,26,0
33,27,0
33,28,0
33,29,0
33,30,0
33,31,0
33,32,0
33,33,0
33,34,0
33,35,0
33,36,0
33,37,0
33,38,0
33,39,0
33,40,0
33,41,0
33,42,0
33,43,0
33,44,0
33,45,0
33,46,0
33,47,0
33,48,0
33,49,0
33,50,0
33,51,0
33,52,0
33,53,0
33,54,0
33,55,0
33,56,1
33,57,0
33,58,0
33,59,0
33,60,1
33,61,0
33,62,0
33,63,0
33,64,0
33,65,0
33,66,1
33,67,0
33,68,0
33,69,2
33,70,0
33,71,0
33,72,1
33,73,0
33,74,0
33,75,0
33,76,2
33,77,0
33,78,0
33,79,0
33,80,0
33,81,0
33,82,0
33,83,0
33,84,0
33,85,0
33,86,0
33,87,3
33,88,0
33,89,0
33,90,0
33,91,0
33,92,0
33,93,0
33,94,0
33,95,0
33,96,0
33,97,1
33,98,1
33,99,0
33,100,0
33,101,0
33,102,0
33,103,0
33,104,0
33,105,0
33,106,0
33,107,0
33,108,0
33,109,0
33,110,2
33,111,0
33,112,2
33,113,0
33,114,1
33,115,0
33,116,3
33,117,0
33,118,0
33,119,0
33,120,0
33,121,0
33,122,0
33,123,0
33,124,0
33,125,0
33,126,0
33,127,6
33,128,0
33,129,0
33,130,0
33,131,0
33,132,3
33,133,3
33,134,1
33,135,0
33,136,1
33,137,1
33,138,5
33,139,0
33,140,0
33,141,0
33,142,4
33,143,0
33,144,4
33,145,2
33,146,0
33,147,4
33,148,4
33,149,0
33,150,0
33,151,3
33,152,4
33,153,0
33,154,0
33,155,0
33,156,0
33,157,0
33,158,6
33,159,0
33,160,0
33,161,5
33,162,0
33,163,1
33,164,0
33,165,0
33,166,0
33,167,1
33,168,0
33,169,0
33,170,7
33,171,0
33,172,0
33,173,3
33,174,0
33,175,2
33,176,0
33,177,0
33,178,4
33,179,2
33,180,0
33,181,2
33,182,4
33,183,1
33,184,2
33,185,0
33,186,0
33,187,0
33,188,6
33,189,0
33,190,3
33,191,2
33,192,4
33,193,13
33,194,0
33,195,0
33,196,0
33,197,0
33,198,3
33,199,4
33,200,0
33,201,0
33,202,4
33,203,4
33,204,4
33,205,4
33,206,0
33,207,2
33,208,3
33,209,2
33,210,0
33,211,7
33,212,4
33,213,3
33,214,0
33,215,5
33,216,4
33,217,0
33,218,8
33,219,6
33,220,0
33,221,6
33,222,0
33,223,9
33,224,7
33,225,7
33,226,2
33,227,2
33,228,7
33,229,0
33,230,15
33,231,2
33,232,0
33,233,2
33,234,2
33,235,8
33,236,0
33,237,5
33,238,5
33,239,0
33,240,1
33,241,0
33,242,0
33,243,0
33,244,0
33,245,7
33,246,5
33,247,5
33,248,0
33,249,0
33,250,2
33,251,0
33,252,0
33,253,0
33,254,4
33,255,5
33,256,0
33,257,12
33,258,4
33,259,9
33,260,0
33,261,0
33,262,6
33,263,0
33,264,12
34,0,0
34,1,0
34,2,0
34,3,0
34,4,0
34,5,0
34,6,0
34,7,0
34,8,0
34,9,0
34,10,0
34,11,0
34,12,0
34,13,0
34,14,0
34,15,0
34,16,0
34,17,0
34,18,0
34,19,0
34,20,0
34,21,0
34,22,0
34,23,0
34,24,0
34,25,0
34,26,0
34,27,0
34,28,0
34,29,0
34,30,0
34,31,0
34,32,0
34,33,0
34,34,0
34,35,0
34,36,0
34,37,0
34,38,0
34,39,0
34,40,0
34,41,0
34,42,0
34,43,0
34,44,0
34,45,0
34,46,0
34,47,0
34,48,0
34,49,0
34,50,0
34,51,0
34,52,0
34,53,0
34,54,0
34,55,0
34,56,0
34,57,0
34,58,0
34,59,1
34,60,0
34,61,0
34,62,1
34,63,0
34,64,0
34,65,0
34,66,0
34,67,0
34,68,0
34,69,2
34,70,0
34,71,2
34,72,1
34,73,1
34,74,2
34,75,1
34,76,0
34,77,3
34,78,0
34,79,2
34,80,3
34,81,2
34,82,0
34,83,1
34,84,0
34,85,0
34,86,0
34,87,0
34,88,0
34,89,0
34,90,1
34,91,0
34,92,0
34,93,1
34,94,4
34,95,0
34,96,0
34,97,0
34,98,0
34,99,0
34,100,3
34,101,0
34,102,0
34,103,0
34,104,0
34,105,0
34,106,0
34,107,0
34,108,1
34,109,0
34,110,0
34,111,0
34,112,2
34,113,0
34,114,0
34,115,1
34,116,0
34,117,1
34,118,0
34,119,0
34,120,0
34,121,0
34,122,0
34,123,2
34,124,0
34,125,3
34,126,3
34,127,0
34,128,4
34,129,0
34,130,0
34,131,0
34,132,0
34,133,0
34,134,8
34,135,1
34,136,0
34,137,2
34,138,0
34,139,1
34,140,0
34,141,0
34,142,0
34,143,0
34,144,0
34,145,2
34,146,0
34,147,0
34,148,0
34,149,0
34,150,9
34,151,2
34,152,0
34,153,0
34,154,0
34,155,0
34,156,0
34,157,0
34,158,0
34,159,0
34,160,0
34,161,0
34,162,3
34,163,1
34,164,2
34,165,0
34,166,3
34,167,2
34,168,1
34,169,0
34,170,0
34,171,2
34,172,4
34,173,6
34,174,0
34,175,0
34,176,9
34,177,0
34,178,0
34,179,0
34,180,0
34,181,2
34,182,1
34,183,0
34,184,2
34,185,3
34,186,0
34,187,0
34,188,0
34,189,2
34,190,5
34,191,0
34,192,4
34,193,5
34,194,6
34,195,11
34,196,2
34,197,4
34,198,5
34,199,2
34,200,2
34,201,0
34,202,0
34,203,0
34,204,0
34,205,0
34,206,0
34,207,0
34,208,1
34,209,5
34,210,12
34,211,2
34,212,8
34,213,1
34,214,1
34,215,3
34,216,2
34,217,0
34,218,1
34,219,0
34,220,5
34,221,3
34,222,0
34,223,0
34,224,6
34,225,7
34,226,0
34,227,5
34,228,0
34,229,13
34,230,3
34,231,6
34,232,2
34,233,2
34,234,0
34,235,8
34,236,0
34,237,4
34,238,0
34,239,0
34,240,2
34,241,8
34,242,7
34,243,0
34,244,0
34,245,5
34,246,0
34,247,0
34,248,0
34,249,1
34,250,16
34,251,6
34,252,8
34,253,0
34,254,0
34,255,0
34,256,0
34,257,0
34,258,2
34,259,5
34,260,0
34,261,0
34,262,0
34,263,5
34,264,0
34,265,3
34,266,7
34,267,9
34,268,4
34,269,4
34,270,9
34,271,6
34,272,0
34,273,0
34,274,8
34,275,10
34,276,8
34,277,7
34,278,0
34,279,4
34,280,0
35,0,0
35,1,0
35,2,0
35,3,0
35,4,0
35,5,0
35,6,0
35,7,0
35,8,0
35,9,0
35,10,0
35,11,0
35,12,0
35,13,0
35,14,0
35,15,0
35,16,0
35,17,0
35,18,0
35,19,0
35,20,0
35,21,0
35,22,0
35,23,1
35,24,0
35,25,0
35,26,0
35,27,0
35,28,0
35,29,0
35,30,1
35,31,0
35,32,0
35,33,0
35,34,0
35,35,0
35,36,0
35,37,0
35,38,1
35,39,0
35,40,1
35,41,0
35,42,0
35,43,0
35,44,0
35,45,0
35,46,0
35,47,0
35,48,0
35,49,0
35,50,0
35,51,0
35,52,0
35,53,0
35,54,0
35,55,1
35,56,0
35,57,0
35,58,0
35,59,1
35,60,0
35,61,0
35,62,0
35,63,0
35,64,0
35,65,0
35,66,0
35,67,0
35,68,0
35,69,0
35,70,1
35,71,0
35,72,0
35,73,0
35,74,0
35,75,0
35,76,0
35,77,0
35,78,0
35,79,0
35,80,0
35,81,0
35,82,0
35,83,0
35,84,0
35,85,1
35,86,1
35,87,1
35,88,1
35,89,0
35,90,0
35,91,0
35,92,0
35,93,1
35,94,4
35,95,0
35,96,0
35,97,1
35,98,2
35,99,0
35,100,0
35,101,0
35,102,0
35,103,0
35,104,1
35,105,0
35,106,1
35,107,1
35,108,0
35,109,0
35,110,0
35,111,0
35,112,0
35,113,0
35,114,4
35,115,0
35,116,0
35,117,2
35,118,0
35,119,0
35,120,2
35,121,0
35,122,0
35,123,0
35,124,4
35,125,0
35,126,0
35,127,0
35,128,1
35,129,0
35,130,0
35,131,1
35,132,3
35,133,0
35,134,1
35,135,1
35,136,1
35,137,0
35,138,0
35,139,0
35,140,1
35,141,2
35,142,0
35,143,0
35,144,3
35,145,2
35,146,0
35,147,3
35,148,0
35,149,2
35,150,0
35,151,2
35,152,0
35,153,0
35,154,0
35,155,0
35,156,1
35,157,0
35,158,0
35,159,0
35,160,2
35,161,0
35,162,8
35,163,0
35,164,5
35,165,6
35,166,2
35,167,5
35,168,5
35,169,9
35,170,0
35,171,0
35,172,0
35,173,1
35,174,2
35,175,3
35,176,0
35,177,1
35,178,1
35,179,0
35,180,0
35,181,0
35,182,0
35,183,3
35,184,4
35,185,0
35,186,6
35,187,0
35,188,7
35,189,7
35,190,1
35,191,0
35,192,2
35,193,7
35,194,0
35,195,0
35,196,0
35,197,0
35,198,2
35,199,3
35,200,6
35,201,0
35,202,3
35,203,4
35,204,0
35,205,0
35,206,1
35,207,1
35,208,2
35,209,2
35,210,0
35,211,2
35,212,11
35,213,5
35,214,3
35,215,7
35,216,13
35,217,3
35,218,0
35,219,7
35,220,9
35,221,0
35,222,5
35,223,7
35,224,0
35,225,3
35,226,0
35,227,2
35,228,0
35,229,0
35,230,0
35,231,0
35,232,7
35,233,0
35,234,0
35,235,3
35,236,0
35,237,0
35,238,0
35,239,4
35,240,9
35,241,0
35,242,0
35,243,0
35,244,0
35,245,0
35,246,0
35,247,1
35,248,14
35,249,1
35,250,0
35,251,0
35,252,1
35,253,0
35,254,5
35,255,0
35,256,0
35,257,0
35,258,10
35,259,5
35,260,0
35,261,0
35,262,0
35,263,4
35,264,8
35,265,0
35,266,0
35,267,10
35,268,4
35,269,0
35,270,3
35,271,5
35,272,0
35,273,4
35,274,0
35,275,12
35,276,1
35,277,7
35,278,1
35,279,0
35,280,5
35,281,2
35,282,0
35,283,0
35,284,7
35,285,5
35,286,4
35,287,0
35,288,2
35,289,0
35,290,0
35,291,7
35,292,0
35,293,0
35,294,4
35,295,0
35,296,0
35,297,7
36,0,0
36,1,0
36,2,0
36,3,0
36,4,0
36,5,0
36,6,0
36,7,0
36,8,0
36,9,0
36,10,0
36,11,0
36,12,0
36,13,0
36,14,0
36,15,0
36,16,0
36,17,0
36,18,0
36,19,0
36,20,0
36,21,0
36,22,0
36,23,0
36,24,0
36,25,1
36,26,0
36,27,0
36,28,0
36,29,0
36,30,0
36,31,0
36,32,1
36,33,0
36,34,0
36,35,0
36,36,0
36,37,0
36,38,0
36,39,0
36,40,0
36,41,0
36,42,0
36,43,0
36,44,0
36,45,0
36,46,0
36,47,0
36,48,0
36,49,1
36,50,0
36,51,0
36,52,0
36,53,0
36,54,0
36,55,0
36,56,0
36,57,0
36,58,0
36,59,0
36,60,0
36,61,0
36,62,1
36,63,0
36,64,2
36,65,0
36,66,0
36,67,2
36,68,0
36,69,0
36,70,2
36,71,0
36,72,0
36,73,0
36,74,0
36,75,0
36,76,0
36,77,0
36,78,1
36,79,0
36,80,1
36,81,0
36,82,0
36,83,0
36,84,2
36,85,0
36,86,0
36,87,0
36,88,0
36,89,0
36,90,0
36,91,2
36,92,1
36,93,0
36,94,0
36,95,0
36,96,7
36,97,0
36,98,0
36,99,0
36,100,1
36,101,0
36,102,0
36,103,0
36,104,0
36,105,0
36,106,0
36,107,0
36,108,3
36,109,5
36,110,1
36,111,2
36,112,0
36,113,0
36,114,0
36,115,0
36,116,0
36,117,0
36,118,1
36,119,0
36,120,0
36,121,1
36,122,0
36,123,0
36,124,0
36,125,0
36,126,2
36,127,0
36,128,0
36,129,9
36,130,0
36,131,0
36,132,4
36,133,0
36,134,0
36,135,0
36,136,1
36,137,0
36,138,0
36,139,0
36,140,2
36,141,0
36,142,2
36,143,2
36,144,0
36,145,0
36,146,0
36,147,0
36,148,0
36,149,2
36,150,5
36,151,0
36,152,2
36,153,2
36,154,0
36,155,0
36,156,4
36,157,0
36,158,7
36,159,5
36,160,0
36,161,0
36,162,0
36,163,2
36,164,4
36,165,0
36,166,0
36,167,0
36,168,2
36,169,0
36,170,1
36,171,2
36,172,1
36,173,1
36,174,0
36,175,0
36,176,8
36,177,0
36,178,0
36,179,6
36,180,1
36,181,1
36,182,0
36,183,3
36,184,0
36,185,0
36,186,1
36,187,8
36,188,2
36,189,0
36,190,0
36,191,6
36,192,1
36,193,4
36,194,0
36,195,0
36,196,11
36,197,1
36,198,0
36,199,0
36,200,0
36,201,2
36,202,0
36,203,0
36,204,4
36,205,1
36,206,0
36,207,0
36,208,3
36,209,2
36,210,7
36,211,12
36,212,1
36,213,7
36,214,5
36,215,0
36,216,5
36,217,3
36,218,6
36,219,0
36,220,2
36,221,1
36,222,13
36,223,10
36,224,5
36,225,8
36,226,3
36,227,5
36,228,2
36,229,4
36,230,0
36,231,1
36,232,7
36,233,5
36,234,0
36,235,7
36,236,0
36,237,5
36,238,3
36,239,3
36,240,8
36,241,12
36,242,9
36,243,4
36,244,0
36,245,15
36,246,0
36,247,0
36,248,2
36,249,0
36,250,0
36,251,0
36,252,3
36,253,11
36,254,4
36,255,8
36,256,0
36,257,7
36,258,1
36,259,0
36,260,0
36,261,0
36,262,9
36,263,0
36,264,0
36,265,13
36,266,0
36,267,0
36,268,2
36,269,0
36,270,3
36,271,0
36,272,7
36,273,6
36,274,0
36,275,0
36,276,4
36,277,0
36,278,5
36,279,12
36,280,1
36,281,0
36,282,15
36,283,6
36,284,5
36,285,0
36,286,7
36,287,0
36,288,6
36,289,2
36,290,0
36,291,5
36,292,17
36,293,5
36,294,2
36,295,5
36,296,0
36,297,7
36,298,9
36,299,0
36,300,5
36,301,6
36,302,0
36,303,7
36,304,4
36,305,0
36,306,0
36,307,0
36,308,0
36,309,11
36,310,7
36,311,7
36,312,1
36,313,0
36,314,0
36,315,0
37,0,0
37,1,0
37,2,0
37,3,0
37,4,0
37,5,0
37,6,0
37,7,0
37,8,0
37,9,0
37,10,0
37,11,0
37,12,0
37,13,0
37,14,0
37,15,0
37,16,0
37,17,0
37,18,0
37,19,0
37,20,0
37,21,0
37,22,0
37,23,0
37,24,0
37,25,0
37,26,0
37,27,0
37,28,0
37,29,0
37,30,0
37,31,0
37,32,0
37,33,0
37,34,0
37,35,0
37,36,2
37,37,0
37,38,0
37,39,0
37,40,0
37,41,0
37,42,0
37,43,0
37,44,0
37,45,0
37,46,0
37,47,0
37,48,0
37,49,0
37,50,0
37,51,0
37,52,1
37,53,0
37,54,0
37,55,0
37,56,0
37,57,0
37,58,0
37,59,0
37,60,0
37,61,0
37,62,0
37,63,0
37,64,0
37,65,1
37,66,0
37,67,0
37,68,0
37,69,0
37,70,0
37,71,0
37,72,2
37,73,1
37,74,1
37,75,0
37,76,0
37,77,0
37,78,0
37,79,0
37,80,1
37,81,0
37,82,0
37,83,0
37,84,0
37,85,0
37,86,0
37,87,0
37,88,0
37,89,1
37,90,0
37,91,0
37,92,0
37,93,1
37,94,2
37,95,0
37,96,0
37,97,2
37,98,0
37,99,0
37,100,2
37,101,0
37,102,3
37,103,1
37,104,0
37,105,3
37,106,0
37,107,0
37,108,1
37,109,0
37,110,0
37,111,2
37,112,0
37,113,0
37,114,0
37,115,4
37,116,0
37,117,0
37,118,0
37,119,3
37,120,0
37,121,1
37,122,0
37,123,3
37,124,0
37,125,0
37,126,1
37,127,0
37,128,0
37,129,1
37,130,4
37,131,3
37,132,0
37,133,0
37,134,1
37,135,0
37,136,1
37,137,0
37,138,1
37,139,2
37,140,0
37,141,1
37,142,0
37,143,4
37,144,0
37,145,0
37,146,6
37,147,0
37,148,2
37,149,1
37,150,1
37,151,3
37,152,0
37,153,4
37,154,0
37,155,0
37,156,2
37,157,0
37,158,2
37,159,3
37,160,0
37,161,0
37,162,0
37,163,0
37,164,3
37,165,0
37,166,0
37,167,0
37,168,5
37,169,0
37,170,7
37,171,0
37,172,3
37,173,0
37,174,0
37,175,2
37,176,2
37,177,0
37,178,4
37,179,0
37,180,3
37,181,0
37,182,0
37,183,2
37,184,4
37,185,4
37,186,0
37,187,0
37,188,0
37,189,1
37,190,0
37,191,0
37,192,0
37,193,1
37,194,0
37,195,0
37,196,0
37,197,0
37,198,0
37,199,5
37,200,6
37,201,6
37,202,0
37,203,0
37,204,0
37,205,0
37,206,1
37,207,6
37,208,2
37,209,2
37,210,0
37,211,0
37,212,0
37,213,1
37,214,0
37,215,1
37,216,4
37,217,1
37,218,5
37,219,0
37,220,3
37,221,0
37,222,2
37,223,1
37,224,0
37,225,0
37,226,6
37,227,0
37,228,5
37,229,0
37,230,0
37,231,1
37,232,0
37,233,0
37,234,2
37,235,0
37,236,1
37,237,0
37,238,0
37,239,1
37,240,0
37,241,11
37,242,0
37,243,0
37,244,3
37,245,6
37,246,0
37,247,1
37,248,9
37,249,4
37,250,0
37,251,1
37,252,11
37,253,0
37,254,2
37,255,2
37,256,7
37,257,0
37,258,13
37,259,0
37,260,8
37,261,1
37,262,3
37,263,0
37,264,13
37,265,9
37,266,2
37,267,1
37,268,4
37,269,2
37,270,3
37,271,9
37,272,4
37,273,0
37,274,12
37,275,0
37,276,0
37,277,0
37,278,7
37,279,6
37,280,2
37,281,14
37,282,1
37,283,5
37,284,0
37,285,5
37,286,4
37,287,2
37,288,0
37,289,0
37,290,6
37,291,2
37,292,10
37,293,0
37,294,3
37,295,1
37,296,6
37,297,1
37,298,2
37,299,2
37,300,5
37,301,12
37,302,4
37,303,0
37,304,4
37,305,12
37,306,4
37,307,10
37,308,0
37,309,10
37,310,11
37,311,0
37,312,0
37,313,0
37,314,9
37,315,5
37,316,1
37,317,0
37,318,0
37,319,0
37,320,7
37,321,21
37,322,0
37,323,2
37,324,8
37,325,9
37,326,6
37,327,4
37,328,3
37,329,0
37,330,0
37,331,0
37,332,6
37,333,2
38,0,0
38,1,0
38,2,0
38,3,0
38,4,0
38,5,0
38,6,0
38,7,0
38,8,0
38,9,0
38,10,0
38,11,0
38,12,0
38,13,0
38,14,0
38,15,0
38,16,0
38,17,0
38,18,0
38,19,0
38,20,0
38,21,0
38,22,1
38,23,0
38,24,0
38,25,0
38,26,0
38,27,0
38,28,0
38,29,0
38,30,0
38,31,0
38,32,0
38,33,0
38,34,0
38,35,0
38,36,0
38,37,0
38,38,0
38,39,0
38,40,0
38,41,0
38,42,0
38,43,0
38,44,0
38,45,0
38,46,0
38,47,0
38,48,0
38,49,0
38,50,2
38,51,0
38,52,0
38,53,0
38,54,0
38,55,0
38,56,0
38,57,0
38,58,0
38,59,0
38,60,1
38,61,0
38,62,0
38,63,1
38,64,2
38,65,0
38,66,0
38,67,0
38,68,0
38,69,0
38,70,0
38,71,1
38,72,3
38,73,1
38,74,1
38,75,0
38,76,2
38,77,2
38,78,0
38,79,0
38,80,1
38,81,0
38,82,0
38,83,0
38,84,2
38,85,1
38,86,0
38,87,0
38,88,1
38,89,0
38,90,0
38,91,0
38,92,0
38,93,0
38,94,0
38,95,2
38,96,0
38,97,0
38,98,0
38,99,3
38,100,0
38,101,4
38,102,0
38,103,2
38,104,1
38,105,2
38,106,0
38,107,1
38,108,0
38,109,0
38,110,0
38,111,0
38,112,0
38,113,0
38,114,4
38,115,0
38,116,0
38,117,2
38,118,2
38,119,0
38,120,0
38,121,0
38,122,0
38,123,1
38,124,2
38,125,3
38,126,3
38,127,0
38,128,0
38,129,0
38,130,0
38,131,0
38,132,2
38,133,3
38,134,0
38,135,1
38,136,1
38,137,5
38,138,1
38,139,0
38,140,0
38,141,0
38,142,4
38,143,0
38,144,0
38,145,0
38,146,1
38,147,0
38,148,2
38,149,0
38,150,0
38,151,0
38,152,0
38,153,0
38,154,2
38,155,0
38,156,0
38,157,4
38,158,6
38,159,0
38,160,4
38,161,0
38,162,0
38,163,0
38,164,3
38,165,3
38,166,1
38,167,4
38,168,5
38,169,0
38,170,3
38,171,0
38,172,0
38,173,0
38,174,0
38,175,4
38,176,3
38,177,0
38,178,2
38,179,4
38,180,2
38,181,0
38,182,0
38,183,0
38,184,4
38,185,2
38,186,8
38,187,0
38,188,1
38,189,2
38,190,0
38,191,2
38,192,6
38,193,0
38,194,1
38,195,4
38,196,0
38,197,2
38,198,5
38,199,5
38,200,0
38,201,0
38,202,6
38,203,0
38,204,0
38,205,0
38,206,0
38,207,0
38,208,0
38,209,1
38,210,4
38,211,2
38,212,2
38,213,3
38,214,0
38,215,4
38,216,0
38,217,0
38,218,0
38,219,0
38,220,1
38,221,6
38,222,0
38,223,8
38,224,0
38,225,3
38,226,1
38,227,2
38,228,5
38,229,2
38,230,0
38,231,1
38,232,0
38,233,3
38,234,4
38,235,4
38,236,12
38,237,0
38,238,1
38,239,0
38,240,10
38,241,0
38,242,0
38,243,8
38,244,15
38,245,2
38,246,4
38,247,9
38,248,0
38,249,10
38,250,6
38,251,3
38,252,0
38,253,10
38,254,4
38,255,5
38,256,7
38,257,6
38,258,7
38,259,7
38,260,1
38,261,7
38,262,2
38,263,0
38,264,4
38,265,14
38,266,4
38,267,7
38,268,0
38,269,2
38,270,0
38,271,0
38,272,5
38,273,2
38,274,8
38,275,6
38,276,0
38,277,0
38,278,15
38,279,5
38,280,0
38,281,0
38,282,0
38,283,2
38,284,2
38,285,13
38,286,0
38,287,5
38,288,7
38,289,0
38,290,4
38,291,7
38,292,0
38,293,1
38,294,15
38,295,0
38,296,0
38,297,18
38,298,0
38,299,7
38,300,11
38,301,0
38,302,0
38,303,0
38,304,0
38,305,14
38,306,0
38,307,1
38,308,4
38,309,5
38,310,1
38,311,0
38,312,1
38,313,4
38,314,0
38,315,6
38,316,14
38,317,0
38,318,17
38,319,7
38,320,3
38,321,0
38,322,8
38,323,1
38,324,7
38,325,15
38,326,18
38,327,2
38,328,0
38,329,8
38,330,5
38,331,7
38,332,8
38,333,5
38,334,0
38,335,1
38,336,13
38,337,7
38,338,20
38,339,8
38,340,7
38,341,12
38,342,0
38,343,0
38,344,8
38,345,0
38,346,3
38,347,12
38,348,2
38,349,27
38,350,10
38,351,0
39,0,0
39,1,0
39,2,0
39,3,0
39,4,0
39,5,0
39,6,0
39,7,0
39,8,0
39,9,0
39,10,0
39,11,0
39,12,0
39,13,0
39,14,0
39,15,0
39,16,0
39,17,0
39,18,0
39,19,0
39,20,0
39,21,0
39,22,1
39,23,0
39,24,0
39,25,0
39,26,0
39,27,0
39,28,0
39,29,0
39,30,0
39,31,0
39,32,0
39,33,0
39,34,0
39,35,0
39,36,0
39,37,0
39,38,0
39,39,0
39,40,0
39,41,0
39,42,0
39,43,0
39,44,0
39,45,0
39,46,0
39,47,0
39,48,0
39,49,0
39,50,0
39,51,0
39,52,0
39,53,0
39,54,0
39,55,0
39,56,0
39,57,0
39,58,0
39,59,0
39,60,0
39,61,0
39,62,0
39,63,0
39,64,0
39,65,0
39,66,0
39,67,0
39,68,0
39,69,0
39,70,0
39,71,0
39,72,0
39,73,0
39,74,0
39,75,0
39,76,0
39,77,0
39,78,0
39,79,0
39,80,0
39,81,0
39,82,0
39,83,1
39,84,0
39,85,2
39,86,0
39,87,0
39,88,2
39,89,0
39,90,0
39,91,0
39,92,0
39,93,2
39,94,0
39,95,0
39,96,0
39,97,1
39,98,0
39,99,0
39,100,0
39,101,2
39,102,0
39,103,2
39,104,0
39,105,3
39,106,0
39,107,0
39,108,0
39,109,1
39,110,0
39,111,0
39,112,0
39,113,0
39,114,0
39,115,4
39,116,0
39,117,3
39,118,0
39,119,2
39,120,0
39,121,0
39,122,0
39,123,0
39,124,1
39,125,0
39,126,0
39,127,0
39,128,0
39,129,0
39,130,0
39,131,0
39,132,0
39,133,4
39,134,0
39,135,0
39,136,0
39,137,0
39,138,3
39,139,0
39,140,2
39,141,0
39,142,0
39,143,5
39,144,2
39,145,2
39,146,2
39,147,0
39,148,0
39,149,0
39,150,3
39,151,1
39,152,3
39,153,0
39,154,3
39,155,3
39,156,0
39,157,0
39,158,1
39,159,2
39,160,4
39,161,2
39,162,3
39,163,2
39,164,0
39,165,2
39,166,5
39,167,0
39,168,0
39,169,1
39,170,4
39,171,0
39,172,0
39,173,0
39,174,3
39,175,0
39,176,0
39,177,0
39,178,5
39,179,5
39,180,5
39,181,0
39,182,2
39,183,1
39,184,4
39,185,1
39,186,0
39,187,0
39,188,5
39,189,1
39,190,0
39,191,2
39,192,0
39,193,1
39,194,0
39,195,0
39,196,2
39,197,5
39,198,7
39,199,0
39,200,8
39,201,0
39,202,0
39,203,0
39,204,0
39,205,6
39,206,0
39,207,3
39,208,0
39,209,5
39,210,7
39,211,0
39,212,0
39,213,1
39,214,0
39,215,4
39,216,0
39,217,0
39,218,0
39,219,4
39,220,0
39,221,0
39,222,9
39,223,3
39,224,0
39,225,10
39,226,4
39,227,3
39,228,0
39,229,3
39,230,12
39,231,7
39,232,0
39,233,2
39,234,1
39,235,0
39,236,0
39,237,3
39,238,4
39,239,0
39,240,0
39,241,3
39,242,6
39,243,0
39,244,5
39,245,8
39,246,9
39,247,0
39,248,0
39,249,2
39,250,6
39,251,0
39,252,5
39,253,6
39,254,9
39,255,0
39,256,6
39,257,7
39,258,5
39,259,0
39,260,0
39,261,5
39,262,0
39,263,3
39,264,3
39,265,12
39,266,6
39,267,2
39,268,5
39,269,0
39,270,5
39,271,0
39,272,14
39,273,5
39,274,5
39,275,0
39,276,1
39,277,15
39,278,1
39,279,9
39,280,2
39,281,8
39,282,7
39,283,7
39,284,0
39,285,0
39,286,16
39,287,8
39,288,0
39,289,0
39,290,0
39,291,0
39,292,0
39,293,15
39,294,0
39,295,10
39,296,0
39,297,13
39,298,0
39,299,0
39,300,0
39,301,1
39,302,8
39,303,0
39,304,0
39,305,0
39,306,9
39,307,15
39,308,9
39,309,0
39,310,3
39,311,1
39,312,8
39,313,0
39,314,0
39,315,0
39,316,0
39,317,0
39,318,6
39,319,2
39,320,7
39,321,4
39,322,0
39,323,0
39,324,2
39,325,0
39,326,0
39,327,7
39,328,0
39,329,0
39,330,7
39,331,0
39,332,7
39,333,0
39,334,0
39,335,2
39,336,11
39,337,10
39,338,15
39,339,4
39,340,7
39,341,0
39,342,8
39,343,0
39,344,0
39,345,0
39,346,14
39,347,6
39,348,7
39,349,4
39,350,0
39,351,7
39,352,0
39,353,1
39,354,5
39,355,0
39,356,11
39,357,4
39,358,6
39,359,20
39,360,14
39,361,6
39,362,16
39,363,0
39,364,0
39,365,2
39,366,0
39,367,0
39,368,23
39,369,10
39,370,0
40,0,0
40,1,0
40,2,0
40,3,0
40,4,0
40,5,0
40,6,0
40,7,0
40,8,0
40,9,0
40,10,0
40,11,0
40,12,0
40,13,0
40,14,0
40,15,0
40,16,0
40,17,0
40,18,0
40,19,0
40,20,1
40,21,0
40,22,0
40,23,0
40,24,0
40,25,0
40,26,0
40,27,0
40,28,0
40,29,0
40,30,0
40,31,0
40,32,0
40,33,0
40,34,0
40,35,0
40,36,0
40,37,0
40,38,0
40,39,0
40,40,0
40,41,1
40,42,0
40,43,0
40,44,0
40,45,0
40,46,0
40,47,0
40,48,0
40,49,0
40,50,0
40,51,0
40,52,0
40,53,0
40,54,0
40,55,0
40,56,0
40,57,0
40,58,0
40,59,0
40,60,1
40,61,0
40,62,0
40,63,1
40,64,0
40,65,0
40,66,0
40,67,0
40,68,1
40,69,0
40,70,0
40,71,0
40,72,2
40,73,1
40,74,0
40,75,0
40,76,0
40,77,0
40,78,0
40,79,0
40,80,0
40,81,0
40,82,0
40,83,0
40,84,1
40,85,0
40,86,0
40,87,2
40,88,0
40,89,1
40,90,1
40,91,0
40,92,0
40,93,2
40,94,0
40,95,0
40,96,0
40,97,0
40,98,0
40,99,0
40,100,0
40,101,0
40,102,0
40,103,2
40,104,3
40,105,1
40,106,0
40,107,0
40,108,2
40,109,0
40,110,2
40,111,1
40,112,1
40,113,0
40,114,0
40,115,0
40,116,0
40,117,0
40,118,4
40,119,0
40,120,0
40,121,0
40,122,2
40,123,1
40,124,0
40,125,0
40,126,0
40,127,0
40,128,0
40,129,0
40,130,2
40,131,0
40,132,0
40,133,0
40,134,0
40,135,0
40,136,3
40,137,9
40,138,0
40,139,2
40,140,1
40,141,0
40,142,0
40,143,0
40,144,3
40,145,0
40,146,1
40,147,0
40,148,0
40,149,0
40,150,0
40,151,3
40,152,0
40,153,2
40,154,0
40,155,0
40,156,0
40,157,1
40,158,0
40,159,0
40,160,8
40,161,1
40,162,4
40,163,3
40,164,0
40,165,1
40,166,0
40,167,2
40,168,0
40,169,0
40,170,4
40,171,1
40,172,3
40,173,3
40,174,0
40,175,2
40,176,0
40,177,4
40,178,0
40,179,3
40,180,4
40,181,0
40,182,0
40,183,0
40,184,0
40,185,8
40,186,0
40,187,6
40,188,0
40,189,4
40,190,3
40,191,3
40,192,0
40,193,1
40,194,0
40,195,0
40,196,0
40,197,1
40,198,5
40,199,0
40,200,0
40,201,2
40,202,0
40,203,3
40,204,5
40,205,3
40,206,0
40,207,5
40,208,0
40,209,2
40,210,0
40,211,3
40,212,4
40,213,0
40,214,3
40,215,4
40,216,4
40,217,0
40,218,5
40,219,6
40,220,3
40,221,5
40,222,0
40,223,0
40,224,0
40,225,10
40,226,0
40,227,0
40,228,6
40,229,0
40,230,0
40,231,6
40,232,4
40,233,4
40,234,2
40,235,1
40,236,8
40,237,0
40,238,0
40,239,4
40,240,0
40,241,0
40,242,2
40,243,0
40,244,8
40,245,3
40,246,12
40,247,0
40,248,9
40,249,5
40,250,1
40,251,0
40,252,11
40,253,0
40,254,6
40,255,0
40,256,11
40,257,0
40,258,4
40,259,1
40,260,0
40,261,3
40,262,4
40,263,5
40,264,0
40,265,6
40,266,3
40,267,0
40,268,4
40,269,6
40,270,0
40,271,0
40,272,0
40,273,0
40,274,0
40,275,4
40,276,12
40,277,0
40,278,0
40,279,7
40,280,0
40,281,5
40,282,2
40,283,11
40,284,2
40,285,6
40,286,5
40,287,6
40,288,7
40,289,15
40,290,5
40,291,0
40,292,0
40,293,0
40,294,7
40,295,9
40,296,4
40,297,1
40,298,14
40,299,0
40,300,0
40,301,0
40,302,8
40,303,10
40,304,18
40,305,12
40,306,7
40,307,6
40,308,0
40,309,0
40,310,7
40,311,3
40,312,0
40,313,0
40,314,0
40,315,14
40,316,1
40,317,1
40,318,14
40,319,0
40,320,11
40,321,3
40,322,0
40,323,5
40,324,3
40,325,5
40,326,1
40,327,0
40,328,4
40,329,10
40,330,4
40,331,7
40,332,4
40,333,1
40,334,4
40,335,5
40,336,7
40,337,2
40,338,4
40,339,6
40,340,9
40,341,7
40,342,16
40,343,0
40,344,0
40,345,7
40,346,16
40,347,12
40,348,0
40,349,1
40,350,0
40,351,9
40,352,4
40,353,20
40,354,0
40,355,0
40,356,4
40,357,8
40,358,2
40,359,6
40,360,5
40,361,24
40,362,0
40,363,0
40,364,0
40,365,0
40,366,0
40,367,0
40,368,0
40,369,5
40,370,10
40,371,22
40,372,0
40,373,15
40,374,7
40,375,0
40,376,2
40,377,6
40,378,0
40,379,0
40,380,6
40,381,17
40,382,7
40,383,2
40,384,0
40,385,20
40,386,2
40,387,8
40,388,18
40,389,6
40,390,7
