n,m,diff,ns
2,1,0,10057
2,1,0,7404
2,1,0,15085
2,1,0,6355
2,1,0,6216
2,1,0,6146
2,1,0,6355
2,1,0,5797
2,1,0,6146
2,1,0,14108
2,1,0,5727
2,1,0,14667
2,1,0,14807
2,1,0,14597
2,1,0,6007
2,1,0,6635
2,1,0,5866
2,1,0,6076
2,1,0,6146
2,1,0,22838
2,1,0,5587
2,1,0,6076
2,1,0,6146
2,1,0,6076
2,1,0,6146
2,1,0,6216
2,1,0,6076
2,1,0,6076
2,1,0,6146
2,1,0,6146
2,1,0,6146
2,1,0,6076
2,1,0,6076
2,1,0,6145
2,1,0,6076
2,1,0,6146
2,1,0,6077
2,1,0,6076
2,1,0,6077
2,1,0,6076
2,1,0,6077
2,1,0,6076
2,1,0,6076
2,1,0,6146
2,1,0,6146
2,1,0,6076
2,1,0,6146
2,1,0,6076
2,1,0,6076
2,1,0,6007
2,1,0,6216
2,1,0,6146
2,1,0,6146
2,1,0,6077
2,1,0,6146
2,1,0,6076
2,1,0,6146
2,1,0,6076
2,1,0,6146
2,1,0,6076
2,1,0,6146
2,1,0,6426
2,1,0,6216
2,1,0,6216
2,1,0,6146
2,1,0,6146
2,1,0,6006
2,1,0,6146
2,1,0,6006
2,1,0,6007
2,1,0,6076
2,1,0,6076
2,1,0,6216
2,1,0,6076
2,1,0,6076
2,1,0,6076
2,1,0,6146
2,1,0,6006
2,1,0,6146
2,1,0,6146
2,1,0,6076
2,1,0,6076
2,1,0,6076
2,1,0,6076
2,1,0,6146
2,1,0,6076
2,1,0,6076
2,1,0,6146
2,1,0,6077
2,1,0,6076
2,1,0,6076
2,1,0,6076
2,1,0,6146
2,1,0,6076
2,1,0,6216
2,1,0,6146
2,1,0,6077
2,1,0,6076
2,1,0,6076
2,1,0,6146
5,3,0,9359
5,3,0,8311
5,3,0,7473
5,3,0,17670
5,3,0,7753
5,3,0,15645
5,3,0,7054
5,3,0,6985
5,3,0,15994
5,3,0,7333
5,3,0,7473
5,3,0,16831
5,3,0,16343
5,3,0,8381
5,3,0,7613
5,3,0,7404
5,3,0,7054
5,3,0,7473
5,3,0,8381
5,3,0,7054
5,3,0,7473
5,3,0,7543
5,3,0,7473
5,3,0,7543
5,3,0,7613
5,3,0,7403
5,3,0,7403
5,3,0,7473
5,3,0,7543
5,3,0,7473
5,3,0,7403
5,3,0,7473
5,3,0,7473
5,3,0,7403
5,3,0,7473
5,3,0,7543
5,3,0,7403
5,3,0,7473
5,3,0,7473
5,3,0,7473
5,3,0,7054
5,3,0,7473
5,3,0,7473
5,3,0,7543
5,3,0,7473
5,3,0,6915
5,3,0,6984
5,3,0,6914
5,3,0,7473
5,3,0,7334
5,3,0,7403
5,3,0,7124
5,3,0,7543
5,3,0,7473
5,3,0,7403
5,3,0,7403
5,3,0,7473
5,3,0,7403
5,3,0,7543
5,3,0,7263
5,3,0,7404
5,3,0,7403
5,3,0,7543
5,3,0,7473
5,3,0,7683
5,3,0,7333
5,3,0,7403
5,3,0,7403
5,3,0,7404
5,3,0,7473
5,3,0,7473
5,3,0,7334
5,3,0,7403
5,3,0,7403
5,3,0,7473
5,3,0,7473
5,3,0,7473
5,3,0,7263
5,3,0,7403
5,3,0,7472
5,3,0,7473
5,3,0,7403
5,3,0,7404
5,3,0,7403
5,3,0,7473
5,3,0,7543
5,3,0,7473
5,3,0,7403
5,3,0,7473
5,3,0,7403
5,3,0,7403
5,3,0,6984
5,3,0,7333
5,3,0,7473
5,3,0,7473
5,3,0,7542
5,3,0,7473
5,3,0,7194
5,3,0,7403
5,3,0,7403
7,5,0,10266
7,5,0,8451
7,5,0,8799
7,5,0,17250
7,5,0,16971
7,5,0,8381
7,5,0,8730
7,5,0,17739
7,5,0,8800
7,5,0,18158
7,5,0,18158
7,5,0,9149
7,5,0,8940
7,5,0,8590
7,5,0,8660
7,5,0,8661
7,5,0,8800
7,5,0,8800
7,5,0,8800
7,5,0,8730
7,5,0,8660
7,5,0,8661
7,5,0,8730
7,5,0,8591
7,5,0,8730
7,5,0,8590
7,5,0,23327
7,5,0,9358
7,5,0,9149
7,5,0,8172
7,5,0,8730
7,5,0,8660
7,5,0,17041
7,5,0,8870
7,5,0,8870
7,5,0,8940
7,5,0,8940
7,5,0,8870
7,5,0,8940
7,5,0,8870
7,5,0,8940
7,5,0,8870
7,5,0,8590
7,5,0,8940
7,5,0,8800
7,5,0,8730
7,5,0,9009
7,5,0,8800
7,5,0,8870
7,5,0,8869
7,5,0,8869
7,5,0,8870
7,5,0,8590
7,5,0,8870
7,5,0,8870
7,5,0,8451
7,5,0,9009
7,5,0,8869
7,5,0,8381
7,5,0,8940
7,5,0,8800
7,5,0,8381
7,5,0,8940
7,5,0,8800
7,5,0,8451
7,5,0,8800
7,5,0,8939
7,5,0,8590
7,5,0,8869
7,5,0,8730
7,5,0,8660
7,5,0,8869
7,5,0,8800
7,5,0,8590
7,5,0,8870
7,5,0,8939
7,5,0,8450
7,5,0,8869
7,5,0,8800
7,5,0,8451
7,5,0,8800
7,5,0,8800
7,5,0,8521
7,5,0,8940
7,5,0,8870
7,5,0,8381
7,5,0,8870
7,5,0,8870
7,5,0,8381
7,5,0,8870
7,5,0,8870
7,5,0,8450
7,5,0,8869
7,5,0,8869
7,5,0,8450
7,5,0,8800
7,5,0,8800
7,5,0,8660
7,5,0,8939
7,5,0,9149
11,9,0,11594
11,9,0,11803
11,9,0,9778
11,9,0,10336
11,9,0,10196
11,9,0,11174
11,9,0,9778
11,9,0,9917
11,9,0,9847
11,9,0,9847
11,9,0,11104
11,9,0,10197
11,9,0,10127
11,9,0,10615
11,9,0,9778
11,9,0,10197
11,9,0,10407
11,9,0,10197
11,9,0,10197
11,9,0,10266
11,9,0,10058
11,9,0,10336
11,9,0,10267
11,9,0,10337
11,9,0,10197
11,9,0,10197
11,9,0,10197
11,9,0,10337
11,9,0,10127
11,9,0,10407
11,9,0,10197
11,9,0,10336
11,9,0,10197
11,9,0,9777
11,9,0,10266
11,9,0,10266
11,9,0,10127
11,9,0,10267
11,9,0,10267
11,9,0,10196
11,9,0,10266
11,9,0,10196
11,9,0,9708
11,9,0,10196
11,9,0,10057
11,9,0,9708
11,9,0,10127
11,9,0,10267
11,9,0,10336
11,9,0,10266
11,9,0,10197
11,9,0,10197
11,9,0,10127
11,9,0,10266
11,9,0,10267
11,9,0,10197
11,9,0,10197
11,9,0,10197
11,9,0,10197
11,9,0,10267
11,9,0,11104
11,9,0,10196
11,9,0,10127
11,9,0,10266
11,9,0,10266
11,9,0,10406
11,9,0,9848
11,9,0,10337
11,9,0,10336
11,9,0,10266
11,9,0,10196
11,9,0,10266
11,9,0,10336
11,9,0,10127
11,9,0,10266
11,9,0,10197
11,9,0,10127
11,9,0,10197
11,9,0,10266
11,9,0,9708
11,9,0,10266
11,9,0,10196
11,9,0,10196
11,9,0,10197
11,9,0,10196
11,9,0,10196
11,9,0,10336
11,9,0,10267
11,9,0,10337
11,9,0,10267
11,9,0,10127
11,9,0,10267
11,9,0,10197
11,9,0,10267
11,9,0,10127
11,9,0,10197
11,9,0,10336
11,9,0,10336
11,9,0,10196
11,9,0,10266
14,12,1,12990
14,12,1,12641
14,12,1,12292
14,12,1,11174
14,12,1,11524
14,12,1,12152
14,12,1,11034
14,12,1,11523
14,12,1,12711
14,12,1,11314
14,12,1,11524
14,12,1,11593
14,12,1,11244
14,12,1,11105
14,12,1,11523
14,12,1,11523
14,12,1,11524
14,12,1,11523
14,12,1,11384
14,12,1,11524
14,12,1,11594
14,12,1,11663
14,12,1,11453
14,12,1,11384
14,12,1,11594
14,12,1,11454
14,12,1,11174
14,12,1,11733
14,12,1,11594
14,12,1,11454
14,12,1,11454
14,12,1,11523
14,12,1,11523
14,12,1,11384
14,12,1,11524
14,12,1,11035
14,12,1,11593
14,12,1,11454
14,12,1,11454
14,12,1,11733
14,12,1,11524
14,12,1,11524
14,12,1,11453
14,12,1,11523
14,12,1,11524
14,12,1,11034
14,12,1,11523
14,12,1,11384
14,12,1,11524
14,12,1,11594
14,12,1,11524
14,12,1,11454
14,12,1,11454
14,12,1,11594
14,12,1,11524
14,12,1,11593
14,12,1,11453
14,12,1,11593
14,12,1,11523
14,12,1,11384
14,12,1,11524
14,12,1,11524
14,12,1,11524
14,12,1,11594
14,12,1,11244
14,12,1,11454
14,12,1,11524
14,12,1,11454
14,12,1,11384
14,12,1,11385
14,12,1,11524
14,12,1,11524
14,12,1,11454
14,12,1,11524
14,12,1,11454
14,12,1,11454
14,12,1,11454
14,12,1,11453
14,12,1,11454
14,12,1,11524
14,12,1,11524
14,12,1,11524
14,12,1,11524
14,12,1,11175
14,12,1,11524
14,12,1,11594
14,12,1,11454
14,12,1,11524
14,12,1,11454
14,12,1,11594
14,12,1,11524
14,12,1,11524
14,12,1,11454
14,12,1,11454
14,12,1,11454
14,12,1,11384
14,12,1,11524
14,12,1,11524
14,12,1,11454
14,12,1,11523
19,18,3,14038
19,18,3,12851
19,18,3,12850
19,18,3,13759
19,18,3,12781
19,18,3,12431
19,18,3,12641
19,18,3,14108
19,18,3,12362
19,18,3,12292
19,18,3,12851
19,18,3,13549
19,18,3,12711
19,18,3,12851
19,18,3,12292
19,18,3,12921
19,18,3,20882
19,18,3,12361
19,18,3,12501
19,18,3,12501
19,18,3,12361
19,18,3,12501
19,18,3,12432
19,18,3,12572
19,18,3,12502
19,18,3,12431
19,18,3,12431
19,18,3,12502
19,18,3,12432
19,18,3,12432
19,18,3,12572
19,18,3,12501
19,18,3,12502
19,18,3,12432
19,18,3,12082
19,18,3,12502
19,18,3,12362
19,18,3,12571
19,18,3,12432
19,18,3,12641
19,18,3,12502
19,18,3,12502
19,18,3,12361
19,18,3,12501
19,18,3,12153
19,18,3,20812
19,18,3,22908
19,18,3,12711
19,18,3,20603
19,18,3,12501
19,18,3,12571
19,18,3,12571
19,18,3,21022
19,18,3,12850
19,18,3,12780
19,18,3,12781
19,18,3,12781
19,18,3,12921
19,18,3,12362
19,18,3,12222
19,18,3,12850
19,18,3,12781
19,18,3,12781
19,18,3,12851
19,18,3,12781
19,18,3,12781
19,18,3,12781
19,18,3,12780
19,18,3,12711
19,18,3,12711
19,18,3,12641
19,18,3,12711
19,18,3,12781
19,18,3,12711
19,18,3,12851
19,18,3,12711
19,18,3,12781
19,18,3,12711
19,18,3,12781
19,18,3,12920
19,18,3,12921
19,18,3,12711
19,18,3,12642
19,18,3,12851
19,18,3,12641
19,18,3,12431
19,18,3,12780
19,18,3,12850
19,18,3,12781
19,18,3,12781
19,18,3,12851
19,18,3,12781
19,18,3,13270
19,18,3,12851
19,18,3,12921
19,18,3,12781
19,18,3,12851
19,18,3,12781
19,18,3,12501
19,18,3,12921
23,22,5,15435
23,22,5,14876
23,22,5,14318
23,22,5,14108
23,22,5,13829
23,22,5,13759
23,22,5,14038
23,22,5,13549
23,22,5,14038
23,22,5,14038
23,22,5,13618
23,22,5,14108
23,22,5,14038
23,22,5,14108
23,22,5,13968
23,22,5,14107
23,22,5,13898
23,22,5,13689
23,22,5,14038
23,22,5,14178
23,22,5,14108
23,22,5,13968
23,22,5,14178
23,22,5,14108
23,22,5,14108
23,22,5,14178
23,22,5,13968
23,22,5,14108
23,22,5,14178
23,22,5,13969
23,22,5,14108
23,22,5,14108
23,22,5,14737
23,22,5,13968
23,22,5,14038
23,22,5,13969
23,22,5,13968
23,22,5,14038
23,22,5,13898
23,22,5,14038
23,22,5,14038
23,22,5,13969
23,22,5,14038
23,22,5,14178
23,22,5,13968
23,22,5,14178
23,22,5,13968
23,22,5,13968
23,22,5,13968
23,22,5,13968
23,22,5,14038
23,22,5,14038
23,22,5,13968
23,22,5,13898
23,22,5,14108
23,22,5,14038
23,22,5,14806
23,22,5,13968
23,22,5,13969
23,22,5,14038
23,22,5,14108
23,22,5,14108
23,22,5,13969
23,22,5,13968
23,22,5,13968
23,22,5,13968
23,22,5,14038
23,22,5,13968
23,22,5,14108
23,22,5,13899
23,22,5,13968
23,22,5,14038
23,22,5,13899
23,22,5,14038
23,22,5,13968
23,22,5,13968
23,22,5,14038
23,22,5,14038
23,22,5,13968
23,22,5,14038
23,22,5,13899
23,22,5,14108
23,22,5,13968
23,22,5,13899
23,22,5,13898
23,22,5,13968
23,22,5,13898
23,22,5,13969
23,22,5,13968
23,22,5,14038
23,22,5,14108
23,22,5,13968
23,22,5,13968
23,22,5,14038
23,22,5,13968
23,22,5,14038
23,22,5,14108
23,22,5,14038
23,22,5,14108
23,22,5,14108
29,30,8,16762
29,30,8,16971
29,30,8,15295
29,30,8,15295
29,30,8,15854
29,30,8,15435
29,30,8,16412
29,30,8,15435
29,30,8,15225
29,30,8,15295
29,30,8,15365
29,30,8,15434
29,30,8,15295
29,30,8,15295
29,30,8,15295
29,30,8,15295
29,30,8,15435
29,30,8,15226
29,30,8,15365
29,30,8,15296
29,30,8,15225
29,30,8,15295
29,30,8,15295
29,30,8,15295
29,30,8,15156
29,30,8,15295
29,30,8,15225
29,30,8,15295
29,30,8,15295
29,30,8,15295
29,30,8,15225
29,30,8,15225
29,30,8,15156
29,30,8,15574
29,30,8,15434
29,30,8,15225
29,30,8,15226
29,30,8,15295
29,30,8,15226
29,30,8,15295
29,30,8,15225
29,30,8,15295
29,30,8,15155
29,30,8,15155
29,30,8,15226
29,30,8,15225
29,30,8,15365
29,30,8,15225
29,30,8,15225
29,30,8,15225
29,30,8,15155
29,30,8,15365
29,30,8,15295
29,30,8,15295
29,30,8,15225
29,30,8,15225
29,30,8,15365
29,30,8,15853
29,30,8,15225
29,30,8,14806
29,30,8,15295
29,30,8,15295
29,30,8,15295
29,30,8,15225
29,30,8,15155
29,30,8,15156
29,30,8,15365
29,30,8,15365
29,30,8,15365
29,30,8,15156
29,30,8,23047
29,30,8,14946
29,30,8,14876
29,30,8,14946
29,30,8,14806
29,30,8,14806
29,30,8,14876
29,30,8,14876
29,30,8,14946
29,30,8,14736
29,30,8,14737
29,30,8,14876
29,30,8,15086
29,30,8,14876
29,30,8,14946
29,30,8,14946
29,30,8,14946
29,30,8,14876
29,30,8,14946
29,30,8,15016
29,30,8,14876
29,30,8,15156
29,30,8,15016
29,30,8,14946
29,30,8,21860
29,30,8,14946
29,30,8,14946
29,30,8,14946
29,30,8,14876
29,30,8,14318
34,35,11,17041
34,35,11,18159
34,35,11,25561
34,35,11,16831
34,35,11,24653
34,35,11,42742
34,35,11,15714
34,35,11,15924
34,35,11,16064
34,35,11,17111
34,35,11,16133
34,35,11,16064
34,35,11,16133
34,35,11,16133
34,35,11,16203
34,35,11,16133
34,35,11,16203
34,35,11,16203
34,35,11,16343
34,35,11,16133
34,35,11,16273
34,35,11,16203
34,35,11,16203
34,35,11,16133
34,35,11,16133
34,35,11,16203
34,35,11,16134
34,35,11,16133
34,35,11,16064
34,35,11,16203
34,35,11,16133
34,35,11,16133
34,35,11,16133
34,35,11,16064
34,35,11,16203
34,35,11,16134
34,35,11,16063
34,35,11,16134
34,35,11,16203
34,35,11,16203
34,35,11,15993
34,35,11,16063
34,35,11,16133
34,35,11,16133
34,35,11,16064
34,35,11,16133
34,35,11,16133
34,35,11,16203
34,35,11,16133
34,35,11,16133
34,35,11,16203
34,35,11,16622
34,35,11,16063
34,35,11,16203
34,35,11,16063
34,35,11,16133
34,35,11,16063
34,35,11,16134
34,35,11,16133
34,35,11,16064
34,35,11,16064
34,35,11,16063
34,35,11,16273
34,35,11,16063
34,35,11,16203
34,35,11,16063
34,35,11,16133
34,35,11,16203
34,35,11,16133
34,35,11,16133
34,35,11,16063
34,35,11,16133
34,35,11,15994
34,35,11,16133
34,35,11,16064
34,35,11,16133
34,35,11,15994
34,35,11,16063
34,35,11,16203
34,35,11,15993
34,35,11,15994
34,35,11,15994
34,35,11,16133
34,35,11,16133
34,35,11,16133
34,35,11,16273
34,35,11,16133
34,35,11,16133
34,35,11,16622
34,35,11,16133
34,35,11,16063
34,35,11,16063
34,35,11,16203
34,35,11,15993
34,35,11,16064
34,35,11,16203
34,35,11,16273
34,35,11,16203
34,35,11,16133
34,35,11,16133
41,45,15,18857
41,45,15,27448
41,45,15,25492
41,45,15,18229
41,45,15,34362
41,45,15,34152
41,45,15,17321
41,45,15,17460
41,45,15,18228
41,45,15,17530
41,45,15,17320
41,45,15,17600
41,45,15,17390
41,45,15,17390
41,45,15,17251
41,45,15,17321
41,45,15,17251
41,45,15,17181
41,45,15,17320
41,45,15,17041
41,45,15,17321
41,45,15,17460
41,45,15,17460
41,45,15,17461
41,45,15,17041
41,45,15,17600
41,45,15,17460
41,45,15,17391
41,45,15,17320
41,45,15,17390
41,45,15,17321
41,45,15,17390
41,45,15,17250
41,45,15,17251
41,45,15,17251
41,45,15,17391
41,45,15,17460
41,45,15,17251
41,45,15,18228
41,45,15,17460
41,45,15,17460
41,45,15,17530
41,45,15,17391
41,45,15,17390
41,45,15,17391
41,45,15,17460
41,45,15,17390
41,45,15,17460
41,45,15,17460
41,45,15,17460
41,45,15,17460
41,45,15,17530
41,45,15,17321
41,45,15,17390
41,45,15,17041
41,45,15,17111
41,45,15,17251
41,45,15,17530
41,45,15,17321
41,45,15,17390
41,45,15,17530
41,45,15,17391
41,45,15,17390
41,45,15,17321
41,45,15,17321
41,45,15,17390
41,45,15,17320
41,45,15,17460
41,45,15,17251
41,45,15,17181
41,45,15,17390
41,45,15,17320
41,45,15,17321
41,45,15,17321
41,45,15,16971
41,45,15,17391
41,45,15,17320
41,45,15,17320
41,45,15,17111
41,45,15,17320
41,45,15,17460
41,45,15,17321
41,45,15,17460
41,45,15,17460
41,45,15,17460
41,45,15,17320
41,45,15,17739
41,45,15,16902
41,45,15,17390
41,45,15,17530
41,45,15,17320
41,45,15,17461
41,45,15,17320
41,45,15,17250
41,45,15,17390
41,45,15,17321
41,45,15,17530
41,45,15,17321
41,45,15,17530
41,45,15,17530
47,51,19,37504
47,51,19,27936
47,51,19,26540
47,51,19,36178
47,51,19,35479
47,51,19,19695
47,51,19,18996
47,51,19,19136
47,51,19,18927
47,51,19,19067
47,51,19,19137
47,51,19,19276
47,51,19,18997
47,51,19,18997
47,51,19,18997
47,51,19,19067
47,51,19,18997
47,51,19,19066
47,51,19,19136
47,51,19,18997
47,51,19,19137
47,51,19,19136
47,51,19,19206
47,51,19,19067
47,51,19,19206
47,51,19,18926
47,51,19,19207
47,51,19,19136
47,51,19,18996
47,51,19,19136
47,51,19,19136
47,51,19,18718
47,51,19,19485
47,51,19,18718
47,51,19,19206
47,51,19,19067
47,51,19,18927
47,51,19,18997
47,51,19,19137
47,51,19,19136
47,51,19,18996
47,51,19,19136
47,51,19,18997
47,51,19,18857
47,51,19,19137
47,51,19,19137
47,51,19,18997
47,51,19,18997
47,51,19,19136
47,51,19,19066
47,51,19,19276
47,51,19,19206
47,51,19,19136
47,51,19,19066
47,51,19,19067
47,51,19,19067
47,51,19,19206
47,51,19,19137
47,51,19,19137
47,51,19,19136
47,51,19,18996
47,51,19,18997
47,51,19,19067
47,51,19,19067
47,51,19,18997
47,51,19,19067
47,51,19,19206
47,51,19,19206
47,51,19,19137
47,51,19,19485
47,51,19,19066
47,51,19,19066
47,51,19,19066
47,51,19,19206
47,51,19,19276
47,51,19,19137
47,51,19,19066
47,51,19,18996
47,51,19,19067
47,51,19,19067
47,51,19,18996
47,51,19,19066
47,51,19,18508
47,51,19,19067
47,51,19,18927
47,51,19,19207
47,51,19,18927
47,51,19,19066
47,51,19,19136
47,51,19,19066
47,51,19,19067
47,51,19,19346
47,51,19,19067
47,51,19,18997
47,51,19,19276
47,51,19,19206
47,51,19,19206
47,51,19,19067
47,51,19,19067
47,51,19,19136
55,63,24,21650
55,63,24,20603
55,63,24,20603
55,63,24,21511
55,63,24,21161
55,63,24,20463
55,63,24,20254
55,63,24,20533
55,63,24,20323
55,63,24,21441
55,63,24,20254
55,63,24,20184
55,63,24,20324
55,63,24,20464
55,63,24,20324
55,63,24,19835
55,63,24,20603
55,63,24,21581
55,63,24,20394
55,63,24,20533
55,63,24,20603
55,63,24,20324
55,63,24,19974
55,63,24,20393
55,63,24,20254
55,63,24,20464
55,63,24,20324
55,63,24,20254
55,63,24,20324
55,63,24,20463
55,63,24,20323
55,63,24,20533
55,63,24,20394
55,63,24,20463
55,63,24,20534
55,63,24,20393
55,63,24,20463
55,63,24,20324
55,63,24,20394
55,63,24,20463
55,63,24,20463
55,63,24,20464
55,63,24,20324
55,63,24,20603
55,63,24,20464
55,63,24,20673
55,63,24,20394
55,63,24,20184
55,63,24,20324
55,63,24,20324
55,63,24,20394
55,63,24,20393
55,63,24,20393
55,63,24,20533
55,63,24,20463
55,63,24,20464
55,63,24,20324
55,63,24,20184
55,63,24,20254
55,63,24,20324
55,63,24,20743
55,63,24,20324
55,63,24,20463
55,63,24,20393
55,63,24,20254
55,63,24,28216
55,63,24,19835
55,63,24,19975
55,63,24,19765
55,63,24,19835
55,63,24,19904
55,63,24,19905
55,63,24,19486
55,63,24,19905
55,63,24,19905
55,63,24,19835
55,63,24,19765
55,63,24,19695
55,63,24,19765
55,63,24,19904
55,63,24,19834
55,63,24,19904
55,63,24,26609
55,63,24,20463
55,63,24,19905
55,63,24,19905
55,63,24,19905
55,63,24,19835
55,63,24,19695
55,63,24,19975
55,63,24,19905
55,63,24,20044
55,63,24,19905
55,63,24,19905
55,63,24,19835
55,63,24,20184
55,63,24,20114
55,63,24,19765
55,63,24,19835
55,63,24,20044
62,70,29,23745
62,70,29,29682
62,70,29,29333
62,70,29,30730
62,70,29,46584
62,70,29,22209
62,70,29,20743
62,70,29,21162
62,70,29,21092
62,70,29,20952
62,70,29,21162
62,70,29,22069
62,70,29,21232
62,70,29,21022
62,70,29,21301
62,70,29,21092
62,70,29,21091
62,70,29,21022
62,70,29,21162
62,70,29,20603
62,70,29,21790
62,70,29,20603
62,70,29,21372
62,70,29,21022
62,70,29,21162
62,70,29,21162
62,70,29,21092
62,70,29,20952
62,70,29,21023
62,70,29,21092
62,70,29,21022
62,70,29,21231
62,70,29,20673
62,70,29,21022
62,70,29,21022
62,70,29,21022
62,70,29,21162
62,70,29,20952
62,70,29,21022
62,70,29,21022
62,70,29,21161
62,70,29,20812
62,70,29,20952
62,70,29,21162
62,70,29,21162
62,70,29,21231
62,70,29,21092
62,70,29,21232
62,70,29,21022
62,70,29,21161
62,70,29,21162
62,70,29,21022
62,70,29,21092
62,70,29,21581
62,70,29,21092
62,70,29,21022
62,70,29,21092
62,70,29,21022
62,70,29,21231
62,70,29,21092
62,70,29,21162
62,70,29,20953
62,70,29,21092
62,70,29,21162
62,70,29,21022
62,70,29,21162
62,70,29,21232
62,70,29,21162
62,70,29,21232
62,70,29,21162
62,70,29,21162
62,70,29,21162
62,70,29,21022
62,70,29,21162
62,70,29,21232
62,70,29,21022
62,70,29,21162
62,70,29,21023
62,70,29,21162
62,70,29,21091
62,70,29,21092
62,70,29,21162
62,70,29,21231
62,70,29,21161
62,70,29,21231
62,70,29,21022
62,70,29,21022
62,70,29,21162
62,70,29,21092
62,70,29,21232
62,70,29,21162
62,70,29,21301
62,70,29,21092
62,70,29,21092
62,70,29,21092
62,70,29,21162
62,70,29,21092
62,70,29,21161
62,70,29,21162
62,70,29,21161
71,84,35,23746
71,84,35,31218
71,84,35,23257
71,84,35,31987
71,84,35,31848
71,84,35,23047
71,84,35,22418
71,84,35,22489
71,84,35,22559
71,84,35,21930
71,84,35,23187
71,84,35,22419
71,84,35,22768
71,84,35,22489
71,84,35,22628
71,84,35,22488
71,84,35,22419
71,84,35,22488
71,84,35,22558
71,84,35,22419
71,84,35,22419
71,84,35,22279
71,84,35,22629
71,84,35,22419
71,84,35,22908
71,84,35,22559
71,84,35,22419
71,84,35,22489
71,84,35,22698
71,84,35,22349
71,84,35,22559
71,84,35,22419
71,84,35,22349
71,84,35,22628
71,84,35,22699
71,84,35,22558
71,84,35,22488
71,84,35,22349
71,84,35,22559
71,84,35,22419
71,84,35,22559
71,84,35,22698
71,84,35,22488
71,84,35,22419
71,84,35,22558
71,84,35,22419
71,84,35,22559
71,84,35,29123
71,84,35,22699
71,84,35,22488
71,84,35,22558
71,84,35,22489
71,84,35,22349
71,84,35,22559
71,84,35,22070
71,84,35,22559
71,84,35,22279
71,84,35,22628
71,84,35,22559
71,84,35,22628
71,84,35,22629
71,84,35,22768
71,84,35,22559
71,84,35,22419
71,84,35,22489
71,84,35,22489
71,84,35,22489
71,84,35,22559
71,84,35,22419
71,84,35,22489
71,84,35,22489
71,84,35,22140
71,84,35,22488
71,84,35,22419
71,84,35,22419
71,84,35,22489
71,84,35,22489
71,84,35,22279
71,84,35,22140
71,84,35,22349
71,84,35,22768
71,84,35,22838
71,84,35,22629
71,84,35,22489
71,84,35,22489
71,84,35,22419
71,84,35,22768
71,84,35,22489
71,84,35,22489
71,84,35,22489
71,84,35,22419
71,84,35,22628
71,84,35,22419
71,84,35,22559
71,84,35,22349
71,84,35,22698
71,84,35,22419
71,84,35,22000
71,84,35,22140
71,84,35,22419
79,92,41,24025
79,92,41,32616
79,92,41,23956
79,92,41,41974
79,92,41,40857
79,92,41,24095
79,92,41,23187
79,92,41,23676
79,92,41,23746
79,92,41,23676
79,92,41,23746
79,92,41,23746
79,92,41,23885
79,92,41,24095
79,92,41,23746
79,92,41,23816
79,92,41,23815
79,92,41,23746
79,92,41,23746
79,92,41,24095
79,92,41,23816
79,92,41,23676
79,92,41,23746
79,92,41,23746
79,92,41,23606
79,92,41,23746
79,92,41,24164
79,92,41,24025
79,92,41,23746
79,92,41,23816
79,92,41,23676
79,92,41,23746
79,92,41,23676
79,92,41,23187
79,92,41,23746
79,92,41,23606
79,92,41,23885
79,92,41,23746
79,92,41,23886
79,92,41,23746
79,92,41,23816
79,92,41,24025
79,92,41,23886
79,92,41,23956
79,92,41,23676
79,92,41,23606
79,92,41,24025
79,92,41,23607
79,92,41,23816
79,92,41,23816
79,92,41,23676
79,92,41,24026
79,92,41,23606
79,92,41,23745
79,92,41,23816
79,92,41,23886
79,92,41,23606
79,92,41,23746
79,92,41,23885
79,92,41,23746
79,92,41,23117
79,92,41,23956
79,92,41,23886
79,92,41,23327
79,92,41,23816
79,92,41,24025
79,92,41,23885
79,92,41,23676
79,92,41,23816
79,92,41,23676
79,92,41,23746
79,92,41,23816
79,92,41,23746
79,92,41,23745
79,92,41,23746
79,92,41,23606
79,92,41,23676
79,92,41,23816
79,92,41,25283
79,92,41,23746
79,92,41,23676
79,92,41,23955
79,92,41,23746
79,92,41,23816
79,92,41,24584
79,92,41,24654
79,92,41,24095
79,92,41,23746
79,92,41,23536
79,92,41,23816
79,92,41,23746
79,92,41,23676
79,92,41,23885
79,92,41,23816
79,92,41,23956
79,92,41,23816
79,92,41,23816
79,92,41,23816
79,92,41,23746
79,92,41,23815
89,108,48,26959
89,108,48,41905
89,108,48,35129
89,108,48,46235
89,108,48,27308
89,108,48,24933
89,108,48,25282
89,108,48,25073
89,108,48,25003
89,108,48,25003
89,108,48,25072
89,108,48,25282
89,108,48,24864
89,108,48,25003
89,108,48,25213
89,108,48,25073
89,108,48,25073
89,108,48,25073
89,108,48,25212
89,108,48,25003
89,108,48,25073
89,108,48,25282
89,108,48,25003
89,108,48,25003
89,108,48,25003
89,108,48,25142
89,108,48,24864
89,108,48,25073
89,108,48,25073
89,108,48,24864
89,108,48,25003
89,108,48,25003
89,108,48,25352
89,108,48,24933
89,108,48,25073
89,108,48,24863
89,108,48,25143
89,108,48,24933
89,108,48,25143
89,108,48,25143
89,108,48,25003
89,108,48,25003
89,108,48,24933
89,108,48,25003
89,108,48,24863
89,108,48,25073
89,108,48,25073
89,108,48,25143
89,108,48,24934
89,108,48,25003
89,108,48,25003
89,108,48,24933
89,108,48,24933
89,108,48,25142
89,108,48,25142
89,108,48,25073
89,108,48,25003
89,108,48,25073
89,108,48,25422
89,108,48,25143
89,108,48,25073
89,108,48,25142
89,108,48,25212
89,108,48,25073
89,108,48,25212
89,108,48,24933
89,108,48,25003
89,108,48,25073
89,108,48,25003
89,108,48,25003
89,108,48,25072
89,108,48,24933
89,108,48,25003
89,108,48,25283
89,108,48,25003
89,108,48,25143
89,108,48,25213
89,108,48,25003
89,108,48,25073
89,108,48,25003
89,108,48,24933
89,108,48,25003
89,108,48,24933
89,108,48,24933
89,108,48,24444
89,108,48,25073
89,108,48,24933
89,108,48,25003
89,108,48,25003
89,108,48,25143
89,108,48,24933
89,108,48,25003
89,108,48,24934
89,108,48,25003
89,108,48,24933
89,108,48,25352
89,108,48,25073
89,108,48,25143
89,108,48,24933
89,108,48,25073
98,117,55,30590
98,117,55,46235
98,117,55,39670
98,117,55,55314
98,117,55,28774
98,117,55,28984
98,117,55,29264
98,117,55,28495
98,117,55,28774
98,117,55,28634
98,117,55,30031
98,117,55,28914
98,117,55,28705
98,117,55,28285
98,117,55,28565
98,117,55,28914
98,117,55,28565
98,117,55,28774
98,117,55,28285
98,117,55,29054
98,117,55,28774
98,117,55,28635
98,117,55,28705
98,117,55,28635
98,117,55,28705
98,117,55,29543
98,117,55,28704
98,117,55,28914
98,117,55,29124
98,117,55,28774
98,117,55,28704
98,117,55,28705
98,117,55,28705
98,117,55,28774
98,117,55,29124
98,117,55,28914
98,117,55,35060
98,117,55,29402
98,117,55,29193
98,117,55,28983
98,117,55,28704
98,117,55,28705
98,117,55,28705
98,117,55,29054
98,117,55,28914
98,117,55,28774
98,117,55,28775
98,117,55,28844
98,117,55,28775
98,117,55,29054
98,117,55,28635
98,117,55,28425
98,117,55,28845
98,117,55,28705
98,117,55,28844
98,117,55,29193
98,117,55,28914
98,117,55,28984
98,117,55,28704
98,117,55,28774
98,117,55,29264
98,117,55,28914
98,117,55,28705
98,117,55,28774
98,117,55,28984
98,117,55,28705
98,117,55,28704
98,117,55,28634
98,117,55,28775
98,117,55,28774
98,117,55,28844
98,117,55,29054
98,117,55,28356
98,117,55,28984
98,117,55,28984
98,117,55,28914
98,117,55,29123
98,117,55,28704
98,117,55,28704
98,117,55,28845
98,117,55,28704
98,117,55,28774
98,117,55,28845
98,117,55,28844
98,117,55,28845
98,117,55,28704
98,117,55,28983
98,117,55,28844
98,117,55,28635
98,117,55,28914
98,117,55,28774
98,117,55,28845
98,117,55,28844
98,117,55,28775
98,117,55,28705
98,117,55,28984
98,117,55,28705
98,117,55,28984
98,117,55,28845
98,117,55,28146
109,135,63,31568
109,135,63,47561
109,135,63,40438
109,135,63,41067
109,135,63,30102
109,135,63,30311
109,135,63,29962
109,135,63,30031
109,135,63,30032
109,135,63,29892
109,135,63,30032
109,135,63,30032
109,135,63,30380
109,135,63,29961
109,135,63,30031
109,135,63,30032
109,135,63,29961
109,135,63,30241
109,135,63,30031
109,135,63,30241
109,135,63,30102
109,135,63,29892
109,135,63,30311
109,135,63,29333
109,135,63,30102
109,135,63,29543
109,135,63,29612
109,135,63,29542
109,135,63,29473
109,135,63,30031
109,135,63,30032
109,135,63,29613
109,135,63,29473
109,135,63,29543
109,135,63,29473
109,135,63,29822
109,135,63,30310
109,135,63,30311
109,135,63,30171
109,135,63,30800
109,135,63,30310
109,135,63,30031
109,135,63,30032
109,135,63,30311
109,135,63,30102
109,135,63,30171
109,135,63,30031
109,135,63,29892
109,135,63,29891
109,135,63,31358
109,135,63,30101
109,135,63,30102
109,135,63,29962
109,135,63,30101
109,135,63,30172
109,135,63,29892
109,135,63,30660
109,135,63,29962
109,135,63,29822
109,135,63,29962
109,135,63,36456
109,135,63,30101
109,135,63,29961
109,135,63,30241
109,135,63,29962
109,135,63,30381
109,135,63,29892
109,135,63,29962
109,135,63,30171
109,135,63,29822
109,135,63,29473
109,135,63,29473
109,135,63,29613
109,135,63,29612
109,135,63,29542
109,135,63,30031
109,135,63,30381
109,135,63,30102
109,135,63,30031
109,135,63,30171
109,135,63,30171
109,135,63,30241
109,135,63,30171
109,135,63,30102
109,135,63,29892
109,135,63,30171
109,135,63,29892
109,135,63,29962
109,135,63,29962
109,135,63,30171
109,135,63,29961
109,135,63,30031
109,135,63,30101
109,135,63,30660
109,135,63,30241
109,135,63,29891
109,135,63,30031
109,135,63,30241
109,135,63,29612
109,135,63,29962
119,145,71,32965
119,145,71,49517
119,145,71,39600
119,145,71,59783
119,145,71,39949
119,145,71,39460
119,145,71,31429
119,145,71,31428
119,145,71,31708
119,145,71,31289
119,145,71,31289
119,145,71,31777
119,145,71,31638
119,145,71,31079
119,145,71,31498
119,145,71,31638
119,145,71,31707
119,145,71,31638
119,145,71,31358
119,145,71,31079
119,145,71,31498
119,145,71,31498
119,145,71,31847
119,145,71,32266
119,145,71,31359
119,145,71,31708
119,145,71,31359
119,145,71,31498
119,145,71,31358
119,145,71,31428
119,145,71,31288
119,145,71,31359
119,145,71,31638
119,145,71,31499
119,145,71,31289
119,145,71,31218
119,145,71,31358
119,145,71,31847
119,145,71,30799
119,145,71,31429
119,145,71,32057
119,145,71,31498
119,145,71,31010
119,145,71,31778
119,145,71,31777
119,145,71,31638
119,145,71,31358
119,145,71,31498
119,145,71,31428
119,145,71,31288
119,145,71,31638
119,145,71,31498
119,145,71,31498
119,145,71,31637
119,145,71,31638
119,145,71,31498
119,145,71,31778
119,145,71,31079
119,145,71,31428
119,145,71,31429
119,145,71,31428
119,145,71,31428
119,145,71,31429
119,145,71,31847
119,145,71,31499
119,145,71,31428
119,145,71,31568
119,145,71,31638
119,145,71,31708
119,145,71,31498
119,145,71,31428
119,145,71,31498
119,145,71,31010
119,145,71,31219
119,145,71,31987
119,145,71,31359
119,145,71,31428
119,145,71,39948
119,145,71,31987
119,145,71,31429
119,145,71,31498
119,145,71,31708
119,145,71,31708
119,145,71,31568
119,145,71,31009
119,145,71,31359
119,145,71,31568
119,145,71,31358
119,145,71,31568
119,145,71,31429
119,145,71,31568
119,145,71,31358
119,145,71,31218
119,145,71,31288
119,145,71,31428
119,145,71,31498
119,145,71,31358
119,145,71,31428
119,145,71,31848
119,145,71,31498
131,165,80,34851
131,165,80,50286
131,165,80,41136
131,165,80,59644
131,165,80,32965
131,165,80,33245
131,165,80,33104
131,165,80,33104
131,165,80,33314
131,165,80,32825
131,165,80,32825
131,165,80,32895
131,165,80,32825
131,165,80,34222
131,165,80,32755
131,165,80,32965
131,165,80,33104
131,165,80,32894
131,165,80,32825
131,165,80,32616
131,165,80,32825
131,165,80,32895
131,165,80,32825
131,165,80,32965
131,165,80,32895
131,165,80,33034
131,165,80,33174
131,165,80,32895
131,165,80,33244
131,165,80,32756
131,165,80,33034
131,165,80,33034
131,165,80,33035
131,165,80,32965
131,165,80,32964
131,165,80,32825
131,165,80,33035
131,165,80,33035
131,165,80,33174
131,165,80,32895
131,165,80,32756
131,165,80,32825
131,165,80,32965
131,165,80,32965
131,165,80,33035
131,165,80,32895
131,165,80,32756
131,165,80,32825
131,165,80,33664
131,165,80,32895
131,165,80,32825
131,165,80,32895
131,165,80,32965
131,165,80,33314
131,165,80,32894
131,165,80,33034
131,165,80,32965
131,165,80,32965
131,165,80,32686
131,165,80,32965
131,165,80,32965
131,165,80,32965
131,165,80,32825
131,165,80,33104
131,165,80,33384
131,165,80,33034
131,165,80,32965
131,165,80,32825
131,165,80,33174
131,165,80,33034
131,165,80,32895
131,165,80,32825
131,165,80,32825
131,165,80,32826
131,165,80,32895
131,165,80,33035
131,165,80,33244
131,165,80,33034
131,165,80,32826
131,165,80,32965
131,165,80,33803
131,165,80,32895
131,165,80,33104
131,165,80,32964
131,165,80,33314
131,165,80,33384
131,165,80,32895
131,165,80,32895
131,165,80,39111
131,165,80,33314
131,165,80,32895
131,165,80,32825
131,165,80,32965
131,165,80,32755
131,165,80,33104
131,165,80,32965
131,165,80,32965
131,165,80,33175
131,165,80,32965
131,165,80,32826
142,176,89,36806
142,176,89,43022
142,176,89,44489
142,176,89,52730
142,176,89,51892
142,176,89,34571
142,176,89,34292
142,176,89,34292
142,176,89,34641
142,176,89,34641
142,176,89,34222
142,176,89,34362
142,176,89,33943
142,176,89,34292
142,176,89,34571
142,176,89,34222
142,176,89,34152
142,176,89,34292
142,176,89,34711
142,176,89,34222
142,176,89,34222
142,176,89,34292
142,176,89,34431
142,176,89,34361
142,176,89,34501
142,176,89,35340
142,176,89,34431
142,176,89,34292
142,176,89,34711
142,176,89,34431
142,176,89,34292
142,176,89,34362
142,176,89,34502
142,176,89,33942
142,176,89,34431
142,176,89,34222
142,176,89,33942
142,176,89,34571
142,176,89,34222
142,176,89,34501
142,176,89,34222
142,176,89,34152
142,176,89,34432
142,176,89,34571
142,176,89,34292
142,176,89,34292
142,176,89,34152
142,176,89,34711
142,176,89,34781
142,176,89,34501
142,176,89,34431
142,176,89,34502
142,176,89,34431
142,176,89,34780
142,176,89,34431
142,176,89,34641
142,176,89,34431
142,176,89,34291
142,176,89,34431
142,176,89,34641
142,176,89,34431
142,176,89,34152
142,176,89,34431
142,176,89,34292
142,176,89,34711
142,176,89,34152
142,176,89,34432
142,176,89,34571
142,176,89,35129
142,176,89,34641
142,176,89,34431
142,176,89,34571
142,176,89,34432
142,176,89,34641
142,176,89,34432
142,176,89,34432
142,176,89,34222
142,176,89,34571
142,176,89,34571
142,176,89,34292
142,176,89,34641
142,176,89,34292
142,176,89,34291
142,176,89,34502
142,176,89,34292
142,176,89,34501
142,176,89,34152
142,176,89,34292
142,176,89,34711
142,176,89,33733
142,176,89,34501
142,176,89,34501
142,176,89,34292
142,176,89,34641
142,176,89,40717
142,176,89,34571
142,176,89,34571
142,176,89,34501
142,176,89,34850
142,176,89,34361
155,198,99,36806
155,198,99,45187
155,198,99,46514
155,198,99,55244
155,198,99,51543
155,198,99,35269
155,198,99,35688
155,198,99,35549
155,198,99,35688
155,198,99,36038
155,198,99,35689
155,198,99,36806
155,198,99,37225
155,198,99,35548
155,198,99,35968
155,198,99,35479
155,198,99,35548
155,198,99,35828
155,198,99,35759
155,198,99,35479
155,198,99,35689
155,198,99,35689
155,198,99,35759
155,198,99,36038
155,198,99,35829
155,198,99,35968
155,198,99,35759
155,198,99,35479
155,198,99,35759
155,198,99,35479
155,198,99,35898
155,198,99,35479
155,198,99,35619
155,198,99,35549
155,198,99,35549
155,198,99,35899
155,198,99,35619
155,198,99,35828
155,198,99,35759
155,198,99,35549
155,198,99,35618
155,198,99,35828
155,198,99,35759
155,198,99,35549
155,198,99,35618
155,198,99,35688
155,198,99,35688
155,198,99,35410
155,198,99,35549
155,198,99,35759
155,198,99,35618
155,198,99,35619
155,198,99,35549
155,198,99,35828
155,198,99,35549
155,198,99,35409
155,198,99,36527
155,198,99,35759
155,198,99,35688
155,198,99,35828
155,198,99,35898
155,198,99,35549
155,198,99,35688
155,198,99,35479
155,198,99,35828
155,198,99,35549
155,198,99,36108
155,198,99,35619
155,198,99,35758
155,198,99,36178
155,198,99,35549
155,198,99,35759
155,198,99,35619
155,198,99,35410
155,198,99,35828
155,198,99,36387
155,198,99,35479
155,198,99,35409
155,198,99,35618
155,198,99,35758
155,198,99,34781
155,198,99,35549
155,198,99,35549
155,198,99,35549
155,198,99,35549
155,198,99,35759
155,198,99,35549
155,198,99,35549
155,198,99,35898
155,198,99,35758
155,198,99,35688
155,198,99,35549
155,198,99,35829
155,198,99,35549
155,198,99,35409
155,198,99,42952
155,198,99,35828
155,198,99,35688
155,198,99,35619
155,198,99,35200
167,210,109,38831
167,210,109,46863
167,210,109,65231
167,210,109,46933
167,210,109,53777
167,210,109,37016
167,210,109,36876
167,210,109,37086
167,210,109,38273
167,210,109,37016
167,210,109,37016
167,210,109,37155
167,210,109,37155
167,210,109,37295
167,210,109,37155
167,210,109,37156
167,210,109,36946
167,210,109,37015
167,210,109,37016
167,210,109,37155
167,210,109,38063
167,210,109,37784
167,210,109,36876
167,210,109,37364
167,210,109,37085
167,210,109,37225
167,210,109,37016
167,210,109,37155
167,210,109,37015
167,210,109,37016
167,210,109,36876
167,210,109,37295
167,210,109,36945
167,210,109,37015
167,210,109,37225
167,210,109,37086
167,210,109,36945
167,210,109,36875
167,210,109,36946
167,210,109,37225
167,210,109,37016
167,210,109,37085
167,210,109,36945
167,210,109,36946
167,210,109,36946
167,210,109,37086
167,210,109,37435
167,210,109,36875
167,210,109,37225
167,210,109,37016
167,210,109,36876
167,210,109,37155
167,210,109,37295
167,210,109,37364
167,210,109,37085
167,210,109,37295
167,210,109,37016
167,210,109,37085
167,210,109,36946
167,210,109,37155
167,210,109,37295
167,210,109,36945
167,210,109,36806
167,210,109,37504
167,210,109,36945
167,210,109,37225
167,210,109,37086
167,210,109,37015
167,210,109,37225
167,210,109,37155
167,210,109,36946
167,210,109,36876
167,210,109,36946
167,210,109,37365
167,210,109,37225
167,210,109,36945
167,210,109,37365
167,210,109,37085
167,210,109,37155
167,210,109,37156
167,210,109,36946
167,210,109,37295
167,210,109,37225
167,210,109,36876
167,210,109,37295
167,210,109,36946
167,210,109,36946
167,210,109,36946
167,210,109,37226
167,210,109,37225
167,210,109,37016
167,210,109,37015
167,210,109,36946
167,210,109,43231
167,210,109,36945
167,210,109,37574
167,210,109,36806
167,210,109,37225
167,210,109,37015
167,210,109,37365
181,234,120,48819
181,234,120,48399
181,234,120,68374
181,234,120,46304
181,234,120,54964
181,234,120,38483
181,234,120,37924
181,234,120,38342
181,234,120,38482
181,234,120,38273
181,234,120,38412
181,234,120,38203
181,234,120,38203
181,234,120,38133
181,234,120,38552
181,234,120,38272
181,234,120,38831
181,234,120,38553
181,234,120,37993
181,234,120,38413
181,234,120,38692
181,234,120,38203
181,234,120,38343
181,234,120,38483
181,234,120,38203
181,234,120,37923
181,234,120,38482
181,234,120,38692
181,234,120,38622
181,234,120,38342
181,234,120,38621
181,234,120,38273
181,234,120,38761
181,234,120,38273
181,234,120,38343
181,234,120,38273
181,234,120,38413
181,234,120,38692
181,234,120,38622
181,234,120,38343
181,234,120,38343
181,234,120,38762
181,234,120,38342
181,234,120,38203
181,234,120,38342
181,234,120,38342
181,234,120,38202
181,234,120,38552
181,234,120,38482
181,234,120,38342
181,234,120,38553
181,234,120,38482
181,234,120,38413
181,234,120,38343
181,234,120,38412
181,234,120,38482
181,234,120,38761
181,234,120,38901
181,234,120,37924
181,234,120,38552
181,234,120,38552
181,234,120,38622
181,234,120,38901
181,234,120,37993
181,234,120,38202
181,234,120,38552
181,234,120,38343
181,234,120,38273
181,234,120,38413
181,234,120,38413
181,234,120,37993
181,234,120,38412
181,234,120,37784
181,234,120,38343
181,234,120,38552
181,234,120,38063
181,234,120,38622
181,234,120,38482
181,234,120,38273
181,234,120,37714
181,234,120,38343
181,234,120,38273
181,234,120,38482
181,234,120,38482
181,234,120,38552
181,234,120,38203
181,234,120,37923
181,234,120,44629
181,234,120,38482
181,234,120,38482
181,234,120,38761
181,234,120,38342
181,234,120,38413
181,234,120,38552
181,234,120,38343
181,234,120,38622
181,234,120,38343
181,234,120,38483
181,234,120,38412
181,234,120,38133
194,247,131,50914
194,247,131,47980
194,247,131,77034
194,247,131,40647
194,247,131,48748
194,247,131,39599
194,247,131,39879
194,247,131,40019
194,247,131,39809
194,247,131,40018
194,247,131,39599
194,247,131,39739
194,247,131,39809
194,247,131,39530
194,247,131,39949
194,247,131,39949
194,247,131,40159
194,247,131,39600
194,247,131,39810
194,247,131,39670
194,247,131,39739
194,247,131,39809
194,247,131,39600
194,247,131,39670
194,247,131,39740
194,247,131,39809
194,247,131,39740
194,247,131,39739
194,247,131,39809
194,247,131,39809
194,247,131,39879
194,247,131,40019
194,247,131,39739
194,247,131,39530
194,247,131,39809
194,247,131,40019
194,247,131,39809
194,247,131,39250
194,247,131,39739
194,247,131,40018
194,247,131,39949
194,247,131,39739
194,247,131,39740
194,247,131,40019
194,247,131,39600
194,247,131,39670
194,247,131,39599
194,247,131,39809
194,247,131,39809
194,247,131,39879
194,247,131,39740
194,247,131,39809
194,247,131,40089
194,247,131,39949
194,247,131,40298
194,247,131,39739
194,247,131,39740
194,247,131,39879
194,247,131,39670
194,247,131,39949
194,247,131,39600
194,247,131,39600
194,247,131,40019
194,247,131,39670
194,247,131,39670
194,247,131,39739
194,247,131,39670
194,247,131,39670
194,247,131,39739
194,247,131,39809
194,247,131,39949
194,247,131,39670
194,247,131,39740
194,247,131,39669
194,247,131,39949
194,247,131,39739
194,247,131,40018
194,247,131,39599
194,247,131,40857
194,247,131,39739
194,247,131,40158
194,247,131,39599
194,247,131,39739
194,247,131,39530
194,247,131,39809
194,247,131,39948
194,247,131,40018
194,247,131,40018
194,247,131,39669
194,247,131,39809
194,247,131,40019
194,247,131,39739
194,247,131,39809
194,247,131,39460
194,247,131,40298
194,247,131,40298
194,247,131,39600
194,247,131,39670
194,247,131,40089
194,247,131,39739
209,273,143,51263
209,273,143,51332
209,273,143,79059
209,273,143,41136
209,273,143,41066
209,273,143,40927
209,273,143,41067
209,273,143,41206
209,273,143,40647
209,273,143,41276
209,273,143,40926
209,273,143,41136
209,273,143,41206
209,273,143,41346
209,273,143,40508
209,273,143,40857
209,273,143,40857
209,273,143,41206
209,273,143,40996
209,273,143,41136
209,273,143,41486
209,273,143,41206
209,273,143,40857
209,273,143,40997
209,273,143,40787
209,273,143,40927
209,273,143,41346
209,273,143,41276
209,273,143,41275
209,273,143,40996
209,273,143,40996
209,273,143,40927
209,273,143,41415
209,273,143,40857
209,273,143,40438
209,273,143,41275
209,273,143,40996
209,273,143,41067
209,273,143,40996
209,273,143,41415
209,273,143,40926
209,273,143,41066
209,273,143,40578
209,273,143,41276
209,273,143,40857
209,273,143,40997
209,273,143,41346
209,273,143,40997
209,273,143,40996
209,273,143,40787
209,273,143,40787
209,273,143,40927
209,273,143,41485
209,273,143,41066
209,273,143,40927
209,273,143,40857
209,273,143,40927
209,273,143,41695
209,273,143,40717
209,273,143,41625
209,273,143,40857
209,273,143,41067
209,273,143,41346
209,273,143,41206
209,273,143,40857
209,273,143,41136
209,273,143,47212
209,273,143,41415
209,273,143,40927
209,273,143,40927
209,273,143,40857
209,273,143,40927
209,273,143,41136
209,273,143,40996
209,273,143,40787
209,273,143,40926
209,273,143,40926
209,273,143,41206
209,273,143,40857
209,273,143,41276
209,273,143,41137
209,273,143,41346
209,273,143,40997
209,273,143,40857
209,273,143,41485
209,273,143,40926
209,273,143,40857
209,273,143,41066
209,273,143,40856
209,273,143,40927
209,273,143,41067
209,273,143,40857
209,273,143,41415
209,273,143,41136
209,273,143,40927
209,273,143,41067
209,273,143,40927
209,273,143,40787
209,273,143,41067
209,273,143,40857
223,287,155,52590
223,287,155,52031
223,287,155,77733
223,287,155,59225
223,287,155,42672
223,287,155,42532
223,287,155,42394
223,287,155,42533
223,287,155,42463
223,287,155,42463
223,287,155,42533
223,287,155,42603
223,287,155,42533
223,287,155,42324
223,287,155,42742
223,287,155,42463
223,287,155,42812
223,287,155,42463
223,287,155,42813
223,287,155,42254
223,287,155,42603
223,287,155,42603
223,287,155,41975
223,287,155,42602
223,287,155,42533
223,287,155,42463
223,287,155,42742
223,287,155,42603
223,287,155,42533
223,287,155,42742
223,287,155,42533
223,287,155,42812
223,287,155,42463
223,287,155,42393
223,287,155,42603
223,287,155,42533
223,287,155,42394
223,287,155,42254
223,287,155,42463
223,287,155,41974
223,287,155,42464
223,287,155,42393
223,287,155,41905
223,287,155,42463
223,287,155,42952
223,287,155,42533
223,287,155,42463
223,287,155,42882
223,287,155,42184
223,287,155,42812
223,287,155,42463
223,287,155,42324
223,287,155,48679
223,287,155,42533
223,287,155,42603
223,287,155,42463
223,287,155,42254
223,287,155,42464
223,287,155,42184
223,287,155,42533
223,287,155,42324
223,287,155,42603
223,287,155,42603
223,287,155,42813
223,287,155,42463
223,287,155,42183
223,287,155,42533
223,287,155,42812
223,287,155,42323
223,287,155,41975
223,287,155,42533
223,287,155,43162
223,287,155,42533
223,287,155,43021
223,287,155,42673
223,287,155,43371
223,287,155,42393
223,287,155,41905
223,287,155,42393
223,287,155,42254
223,287,155,42883
223,287,155,42463
223,287,155,42672
223,287,155,42533
223,287,155,42603
223,287,155,42533
223,287,155,42603
223,287,155,42533
223,287,155,42394
223,287,155,42673
223,287,155,42673
223,287,155,42533
223,287,155,42393
223,287,155,42324
223,287,155,42743
223,287,155,42114
223,287,155,42673
223,287,155,42533
223,287,155,42812
223,287,155,42743
239,315,168,53149
239,315,168,52241
239,315,168,82132
239,315,168,60901
239,315,168,43929
239,315,168,44070
239,315,168,44000
239,315,168,44139
239,315,168,43790
239,315,168,43790
239,315,168,44348
239,315,168,43929
239,315,168,43440
239,315,168,43511
239,315,168,43860
239,315,168,43790
239,315,168,43511
239,315,168,44070
239,315,168,43720
239,315,168,43580
239,315,168,43790
239,315,168,43720
239,315,168,44139
239,315,168,43790
239,315,168,44140
239,315,168,43999
239,315,168,44000
239,315,168,43720
239,315,168,43860
239,315,168,43860
239,315,168,44210
239,315,168,43930
239,315,168,43720
239,315,168,44209
239,315,168,50914
239,315,168,43860
239,315,168,43790
239,315,168,43581
239,315,168,43651
239,315,168,43720
239,315,168,43790
239,315,168,44349
239,315,168,43790
239,315,168,44000
239,315,168,43790
239,315,168,43721
239,315,168,43790
239,315,168,43650
239,315,168,43651
239,315,168,44000
239,315,168,43930
239,315,168,43930
239,315,168,43790
239,315,168,43860
239,315,168,43651
239,315,168,43860
239,315,168,44279
239,315,168,43929
239,315,168,43161
239,315,168,43860
239,315,168,43999
239,315,168,44349
239,315,168,43930
239,315,168,43930
239,315,168,43930
239,315,168,43930
239,315,168,44000
239,315,168,43860
239,315,168,43791
239,315,168,43720
239,315,168,43650
239,315,168,43790
239,315,168,43999
239,315,168,43930
239,315,168,43790
239,315,168,43720
239,315,168,44558
239,315,168,43720
239,315,168,43999
239,315,168,43930
239,315,168,44279
239,315,168,44768
239,315,168,44209
239,315,168,44000
239,315,168,43790
239,315,168,43791
239,315,168,44139
239,315,168,43580
239,315,168,43510
239,315,168,43580
239,315,168,44139
239,315,168,44000
239,315,168,43860
239,315,168,43929
239,315,168,43720
239,315,168,43581
239,315,168,43651
239,315,168,43720
239,315,168,43860
239,315,168,44000
254,330,181,55523
254,330,181,62577
254,330,181,72774
254,330,181,62019
254,330,181,45606
254,330,181,45256
254,330,181,45396
254,330,181,44838
254,330,181,45466
254,330,181,45536
254,330,181,45326
254,330,181,45326
254,330,181,45466
254,330,181,45466
254,330,181,45187
254,330,181,51473
254,330,181,45186
254,330,181,45256
254,330,181,45955
254,330,181,45327
254,330,181,45326
254,330,181,45256
254,330,181,45117
254,330,181,45047
254,330,181,45117
254,330,181,45815
254,330,181,45257
254,330,181,45187
254,330,181,45396
254,330,181,45257
254,330,181,45187
254,330,181,45257
254,330,181,45327
254,330,181,45048
254,330,181,44977
254,330,181,45047
254,330,181,45536
254,330,181,44698
254,330,181,45047
254,330,181,44768
254,330,181,45047
254,330,181,44838
254,330,181,45047
254,330,181,45676
254,330,181,45118
254,330,181,45326
254,330,181,44698
254,330,181,45327
254,330,181,44838
254,330,181,45676
254,330,181,45257
254,330,181,45536
254,330,181,44978
254,330,181,44978
254,330,181,45257
254,330,181,45257
254,330,181,45327
254,330,181,45676
254,330,181,46025
254,330,181,45326
254,330,181,45537
254,330,181,45536
254,330,181,45118
254,330,181,45257
254,330,181,45048
254,330,181,45397
254,330,181,45117
254,330,181,45257
254,330,181,45118
254,330,181,45396
254,330,181,45187
254,330,181,45257
254,330,181,45396
254,330,181,44977
254,330,181,45537
254,330,181,45746
254,330,181,45816
254,330,181,45396
254,330,181,45396
254,330,181,45397
254,330,181,45466
254,330,181,45397
254,330,181,45256
254,330,181,45187
254,330,181,45327
254,330,181,45536
254,330,181,45396
254,330,181,45118
254,330,181,45257
254,330,181,45327
254,330,181,45536
254,330,181,45327
254,330,181,45118
254,330,181,45606
254,330,181,44698
254,330,181,45606
254,330,181,45396
254,330,181,45326
254,330,181,45467
254,330,181,44768
271,360,195,56012
271,360,195,64183
271,360,195,76894
271,360,195,46444
271,360,195,47003
271,360,195,46654
271,360,195,46863
271,360,195,46933
271,360,195,47072
271,360,195,46863
271,360,195,46863
271,360,195,47003
271,360,195,46653
271,360,195,46933
271,360,195,46584
271,360,195,46444
271,360,195,46583
271,360,195,46653
271,360,195,46933
271,360,195,46654
271,360,195,46723
271,360,195,47073
271,360,195,46514
271,360,195,46583
271,360,195,46933
271,360,195,46723
271,360,195,46724
271,360,195,47143
271,360,195,46863
271,360,195,46724
271,360,195,46933
271,360,195,47072
271,360,195,46583
271,360,195,47003
271,360,195,47003
271,360,195,47213
271,360,195,46724
271,360,195,46863
271,360,195,46932
271,360,195,46863
271,360,195,46794
271,360,195,46863
271,360,195,46584
271,360,195,47003
271,360,195,46304
271,360,195,46513
271,360,195,47003
271,360,195,46863
271,360,195,46723
271,360,195,46863
271,360,195,46724
271,360,195,46584
271,360,195,46794
271,360,195,46584
271,360,195,46514
271,360,195,47143
271,360,195,46723
271,360,195,46514
271,360,195,47003
271,360,195,47422
271,360,195,46654
271,360,195,46724
271,360,195,46444
271,360,195,46514
271,360,195,46723
271,360,195,46793
271,360,195,46654
271,360,195,47282
271,360,195,47002
271,360,195,46584
271,360,195,46374
271,360,195,46375
271,360,195,46584
271,360,195,46514
271,360,195,46724
271,360,195,47492
271,360,195,46514
271,360,195,53638
271,360,195,46723
271,360,195,46444
271,360,195,46933
271,360,195,46374
271,360,195,46653
271,360,195,46724
271,360,195,46863
271,360,195,46514
271,360,195,46724
271,360,195,46444
271,360,195,46654
271,360,195,47002
271,360,195,47072
271,360,195,46583
271,360,195,46653
271,360,195,46653
271,360,195,46654
271,360,195,47002
271,360,195,46514
271,360,195,47212
271,360,195,46583
271,360,195,46514
