n,m,ns
2,1,33592
2,1,15224
2,1,13688
2,1,13688
2,1,13269
2,1,13060
2,1,13059
2,1,13129
2,1,13059
2,1,13409
2,1,13409
2,1,13548
2,1,13060
2,1,12850
2,1,13269
2,1,13059
2,1,12850
2,1,13060
2,1,12989
2,1,12920
2,1,13060
2,1,12850
2,1,12920
2,1,13408
2,1,13548
2,1,34500
2,1,12850
2,1,12990
2,1,13199
2,1,12990
2,1,13060
2,1,13199
2,1,13130
2,1,13199
2,1,12920
2,1,14247
2,1,12850
2,1,12780
2,1,13059
2,1,12920
2,1,13130
2,1,12850
2,1,12990
2,1,12920
2,1,13060
2,1,13129
2,1,13269
2,1,13059
2,1,12850
2,1,12920
2,1,12990
2,1,13338
2,1,13339
2,1,12920
2,1,13060
2,1,12850
2,1,13129
2,1,13409
2,1,13338
2,1,12990
2,1,13618
2,1,13129
2,1,13270
2,1,12920
2,1,13478
2,1,13060
2,1,13130
2,1,13269
2,1,12989
2,1,12990
2,1,12989
2,1,13060
2,1,13898
2,1,12850
2,1,13479
2,1,12920
2,1,12850
2,1,13339
2,1,13199
2,1,12990
2,1,13339
2,1,12850
2,1,13479
2,1,12920
2,1,14526
2,1,12989
2,1,13059
2,1,13688
2,1,12920
2,1,13060
2,1,12780
2,1,12990
2,1,13548
2,1,13688
2,1,12920
2,1,13270
2,1,13548
2,1,12780
2,1,12990
2,1,12990
3,3,39179
3,3,34919
3,3,35897
3,3,32963
3,3,32544
3,3,32683
3,3,32824
3,3,32335
3,3,32544
3,3,32684
3,3,32055
3,3,33871
3,3,32335
3,3,32684
3,3,32404
3,3,32614
3,3,33033
3,3,32894
3,3,32335
3,3,32545
3,3,33103
3,3,32614
3,3,32544
3,3,32753
3,3,32754
3,3,32754
3,3,31985
3,3,32265
3,3,32195
3,3,32335
3,3,32125
3,3,32475
3,3,31916
3,3,32544
3,3,32125
3,3,33103
3,3,32125
3,3,32405
3,3,31985
3,3,34779
3,3,32265
3,3,34151
3,3,34151
3,3,34221
3,3,33592
3,3,34291
3,3,33941
3,3,33662
3,3,34570
3,3,32614
3,3,32963
3,3,32683
3,3,32474
3,3,32195
3,3,32125
3,3,31915
3,3,32265
3,3,32195
3,3,32544
3,3,32265
3,3,32614
3,3,32265
3,3,57547
3,3,27097
3,3,26398
3,3,26398
3,3,26538
3,3,26538
3,3,27027
3,3,26539
3,3,26538
3,3,26748
3,3,26818
3,3,26748
3,3,26608
3,3,26887
3,3,27376
3,3,27027
3,3,27027
3,3,26678
3,3,26957
3,3,26259
3,3,26469
3,3,27027
3,3,26888
3,3,26608
3,3,26259
3,3,26958
3,3,27446
3,3,26748
3,3,26957
3,3,26888
3,3,26887
3,3,28633
3,3,27097
3,3,27028
3,3,26538
3,3,26468
3,3,26817
3,3,26748
4,6,62015
4,6,64600
4,6,65438
4,6,63203
4,6,60549
4,6,59013
4,6,58454
4,6,58664
4,6,60479
4,6,58524
4,6,58594
4,6,58663
4,6,59082
4,6,61596
4,6,59083
4,6,58873
4,6,60270
4,6,58803
4,6,61876
4,6,58035
4,6,60828
4,6,58733
4,6,58943
4,6,60479
4,6,59362
4,6,58664
4,6,60619
4,6,60479
4,6,60619
4,6,60968
4,6,59362
4,6,60130
4,6,58105
4,6,62156
4,6,58873
4,6,58175
4,6,58244
4,6,60479
4,6,60200
4,6,60340
4,6,58105
4,6,78009
4,6,59223
4,6,58873
4,6,59292
4,6,59012
4,6,59222
4,6,61248
4,6,58384
4,6,59153
4,6,62644
4,6,60898
4,6,60759
4,6,60828
4,6,60479
4,6,60689
4,6,57965
4,6,60200
4,6,59362
4,6,59781
4,6,59292
4,6,61178
4,6,61457
4,6,60689
4,6,61317
4,6,59292
4,6,60688
4,6,60619
4,6,58873
4,6,58174
4,6,59292
4,6,59991
4,6,60968
4,6,59641
4,6,61876
4,6,60829
4,6,58943
4,6,63064
4,6,59082
4,6,61526
4,6,59502
4,6,58663
4,6,60759
4,6,58943
4,6,59013
4,6,59711
4,6,59222
4,6,63203
4,6,58175
4,6,58454
4,6,60479
4,6,60269
4,6,60549
4,6,58663
4,6,61318
4,6,58873
4,6,58524
4,6,60759
4,6,59711
4,6,61108
5,10,150849
5,10,135415
5,10,136952
5,10,137510
5,10,134856
5,10,138208
5,10,133599
5,10,134368
5,10,131294
5,10,129129
5,10,133599
5,10,132202
5,10,135625
5,10,131713
5,10,131783
5,10,132411
5,10,134716
5,10,129549
5,10,132133
5,10,131504
5,10,138209
5,10,130456
5,10,131224
5,10,130107
5,10,133808
5,10,133460
5,10,133459
5,10,141701
5,10,131225
5,10,166004
5,10,111670
5,10,110692
5,10,110204
5,10,110553
5,10,110134
5,10,110553
5,10,114464
5,10,110204
5,10,111600
5,10,111251
5,10,113137
5,10,113416
5,10,109086
5,10,110972
5,10,112299
5,10,109994
5,10,111111
5,10,112159
5,10,111531
5,10,109924
5,10,111949
5,10,110623
5,10,111041
5,10,110623
5,10,111809
5,10,110763
5,10,114185
5,10,110902
5,10,110902
5,10,108946
5,10,114324
5,10,112787
5,10,109924
5,10,116070
5,10,109086
5,10,109086
5,10,111530
5,10,107899
5,10,110902
5,10,109924
5,10,111182
5,10,111810
5,10,112927
5,10,112857
5,10,110762
5,10,110902
5,10,112089
5,10,110483
5,10,109715
5,10,110343
5,10,111530
5,10,113695
5,10,112997
5,10,113905
5,10,115931
5,10,112089
5,10,115371
5,10,109854
5,10,112159
5,10,111880
5,10,109435
5,10,110413
5,10,109017
5,10,108877
5,10,111251
5,10,112509
5,10,113835
5,10,111740
5,10,114464
5,10,114812
6,15,242266
6,15,237866
6,15,241149
6,15,232279
6,15,232000
6,15,237099
6,15,233606
6,15,239264
6,15,240590
6,15,239054
6,15,238984
6,15,235841
6,15,237937
6,15,238216
6,15,238076
6,15,248551
6,15,220337
6,15,219639
6,15,220547
6,15,216496
6,15,220896
6,15,220546
6,15,219989
6,15,219429
6,15,216496
6,15,213004
6,15,216985
6,15,215099
6,15,215519
6,15,218801
6,15,213424
6,15,215938
6,15,220965
6,15,221245
6,15,212515
6,15,215449
6,15,214540
6,15,214750
6,15,218452
6,15,215658
6,15,213702
6,15,215170
6,15,216566
6,15,217753
6,15,215589
6,15,213703
6,15,213214
6,15,214471
6,15,217264
6,15,215309
6,15,217544
6,15,222432
6,15,216147
6,15,215309
6,15,215169
6,15,212446
6,15,216635
6,15,215867
6,15,214332
6,15,216286
6,15,219150
6,15,215308
6,15,215030
6,15,215449
6,15,214121
6,15,214611
6,15,215379
6,15,214750
6,15,216427
6,15,229765
6,15,200363
6,15,200573
6,15,200853
6,15,198897
6,15,200154
6,15,198478
6,15,200084
6,15,200782
6,15,205322
6,15,207348
6,15,206161
6,15,203786
6,15,205671
6,15,206929
6,15,206090
6,15,206649
6,15,201551
6,15,204414
6,15,208465
6,15,203646
6,15,200852
6,15,200992
6,15,201062
6,15,199596
6,15,206161
6,15,205252
6,15,206020
6,15,205182
6,15,204414
6,15,205532
7,21,433761
7,21,440534
7,21,438719
7,21,436484
7,21,430269
7,21,428243
7,21,443607
7,21,428941
7,21,430548
7,21,445842
7,21,443887
7,21,441443
7,21,470984
7,21,417000
7,21,420421
7,21,414276
7,21,416301
7,21,408200
7,21,399679
7,21,405896
7,21,407711
7,21,403032
7,21,411063
7,21,421330
7,21,413438
7,21,415533
7,21,407781
7,21,401426
7,21,403242
7,21,410504
7,21,402962
7,21,403032
7,21,412810
7,21,402403
7,21,401705
7,21,408409
7,21,401565
7,21,402893
7,21,405826
7,21,398632
7,21,402194
7,21,415114
7,21,375097
7,21,390042
7,21,385363
7,21,388156
7,21,392417
7,21,393604
7,21,388925
7,21,390043
7,21,393395
7,21,387109
7,21,397585
7,21,382080
7,21,374748
7,21,378659
7,21,383687
7,21,374539
7,21,393254
7,21,382361
7,21,388227
7,21,392347
7,21,399051
7,21,385992
7,21,386550
7,21,381452
7,21,374538
7,21,390252
7,21,392207
7,21,390391
7,21,377821
7,21,379287
7,21,388855
7,21,355264
7,21,359104
7,21,353238
7,21,361269
7,21,358196
7,21,353448
7,21,355403
7,21,361549
7,21,354496
7,21,357917
7,21,362526
7,21,354355
7,21,355193
7,21,358476
7,21,365948
7,21,366926
7,21,358755
7,21,357149
7,21,355683
7,21,358685
7,21,354425
7,21,363435
7,21,359314
7,21,352051
7,21,358336
7,21,359104
7,21,353029
8,28,817517
8,28,803829
8,28,800687
8,28,759482
8,28,752848
8,28,757248
8,28,756200
8,28,731477
8,28,758296
8,28,754315
8,28,758295
8,28,744258
8,28,727777
8,28,731967
8,28,729173
8,28,724844
8,28,725332
8,28,726100
8,28,730150
8,28,690972
8,28,689924
8,28,689645
8,28,689714
8,28,691949
8,28,695930
8,28,693206
8,28,689785
8,28,691880
8,28,692508
8,28,689854
8,28,692090
8,28,689785
8,28,719745
8,28,708641
8,28,691671
8,28,729382
8,28,657590
8,28,656193
8,28,657241
8,28,659895
8,28,654726
8,28,659964
8,28,654796
8,28,654936
8,28,655424
8,28,655145
8,28,664364
8,28,660733
8,28,655354
8,28,686851
8,28,681334
8,28,689715
8,28,681265
8,28,693626
8,28,653120
8,28,645019
8,28,651793
8,28,653190
8,28,627280
8,28,630563
8,28,628817
8,28,624347
8,28,654796
8,28,646206
8,28,652561
8,28,650536
8,28,655704
8,28,630493
8,28,624906
8,28,627000
8,28,624207
8,28,627001
8,28,626512
8,28,618970
8,28,623160
8,28,627280
8,28,623649
8,28,601719
8,28,601859
8,28,598577
8,28,599764
8,28,600951
8,28,598577
8,28,600044
8,28,597669
8,28,606119
8,28,596203
8,28,598577
8,28,597390
8,28,598367
8,28,602977
8,28,598787
8,28,593618
8,28,573296
8,28,572946
8,28,601719
8,28,599555
8,28,600533
8,28,599625
8,28,596063
9,36,1260078
9,36,1303865
9,36,1286755
9,36,1300164
9,36,1221109
9,36,1241361
9,36,1169428
9,36,1216569
9,36,1219292
9,36,1249323
9,36,1229350
9,36,1244714
9,36,1232142
9,36,1246110
9,36,1226206
9,36,1212937
9,36,1183536
9,36,1173060
9,36,1186609
9,36,1194710
9,36,1170127
9,36,1137862
9,36,1184723
9,36,1135069
9,36,1178786
9,36,1146731
9,36,1127526
9,36,1101477
9,36,1133183
9,36,1160559
9,36,1084017
9,36,1123476
9,36,1144427
9,36,1148058
9,36,1133812
9,36,1139049
9,36,1127176
9,36,1115653
9,36,1097077
9,36,1112930
9,36,1098684
9,36,1109857
9,36,1078849
9,36,1113349
9,36,1099800
9,36,1112022
9,36,1094982
9,36,1094702
9,36,1059575
9,36,1062857
9,36,1063066
9,36,1074938
9,36,1038832
9,36,1068164
9,36,1064672
9,36,1022071
9,36,1050355
9,36,1071307
9,36,1057060
9,36,1027240
9,36,973465
9,36,986175
9,36,1029544
9,36,1037505
9,36,1005171
9,36,1034083
9,36,1027938
9,36,994346
9,36,990994
9,36,981566
9,36,1011666
9,36,993857
9,36,992390
9,36,992321
9,36,991902
9,36,981495
9,36,989946
9,36,980868
9,36,991203
9,36,987641
9,36,987642
9,36,1001260
9,36,976816
9,36,959497
9,36,958798
9,36,970461
9,36,964805
9,36,972696
9,36,914592
9,36,951466
9,36,963338
9,36,968994
9,36,957542
9,36,927372
9,36,973604
9,36,939663
9,36,933727
9,36,915359
9,36,909075
9,36,899856
10,45,2092540
10,45,2086255
10,45,2050498
10,45,1949164
10,45,1964597
10,45,2038486
10,45,2026055
10,45,2026753
10,45,2026753
10,45,2020607
10,45,2027801
10,45,1982686
10,45,2001053
10,45,2028220
10,45,2027870
10,45,1982197
10,45,1918016
10,45,2032410
10,45,2020258
10,45,2005104
10,45,2027382
10,45,2013973
10,45,2029267
10,45,2020049
10,45,1963480
10,45,2025077
10,45,2025147
10,45,2035762
10,45,2032061
10,45,2011040
10,45,2027661
10,45,2032760
10,45,1991346
10,45,2032270
10,45,2027940
10,45,2021236
10,45,2014322
10,45,2031503
10,45,2026614
10,45,2038276
10,45,2008735
10,45,2015440
10,45,2010481
10,45,2014742
10,45,2025846
10,45,2023191
10,45,2032759
10,45,1925000
10,45,2036391
10,45,2032550
10,45,2010062
10,45,1985410
10,45,2024589
10,45,2035344
10,45,2004266
10,45,2042816
10,45,2031572
10,45,2030804
10,45,1982616
10,45,2035623
10,45,2025008
10,45,2020608
10,45,2030594
10,45,2027521
10,45,2038556
10,45,2009224
10,45,2005453
10,45,2027033
10,45,2038835
10,45,2028918
10,45,2028778
10,45,2016557
10,45,2009014
10,45,2025217
10,45,2034086
10,45,2023121
10,45,2037089
10,45,1980102
10,45,2025915
10,45,2029547
10,45,1926327
10,45,1996165
10,45,2029616
10,45,2031362
10,45,2010202
10,45,2035692
10,45,2026684
10,45,2021446
10,45,2028150
10,45,2026125
10,45,2023820
10,45,2028429
10,45,2028639
10,45,2030873
10,45,2032829
10,45,1970324
10,45,2035693
10,45,2028779
10,45,2006500
10,45,2011529
11,55,4310788
11,55,4311137
11,55,4350176
11,55,4424344
11,55,4462405
11,55,4422248
11,55,4344520
11,55,4444457
11,55,4422807
11,55,4413170
11,55,4425042
11,55,4377622
11,55,4348151
11,55,4460938
11,55,4428743
11,55,4402485
11,55,4440896
11,55,4365680
11,55,4381044
11,55,4306319
11,55,4348081
11,55,4414915
11,55,4226843
11,55,4254778
11,55,4430559
11,55,4405138
11,55,4414776
11,55,4367426
11,55,4401227
11,55,4417639
11,55,4287532
11,55,4409817
11,55,4403323
11,55,4314419
11,55,4387190
11,55,4414217
11,55,4419525
11,55,4420432
11,55,4375667
11,55,4320565
11,55,4354017
11,55,4389704
11,55,4401228
11,55,4401297
11,55,4387679
11,55,4426927
11,55,4417709
11,55,4368962
11,55,4421062
11,55,4437612
11,55,4308483
11,55,4336069
11,55,4414985
11,55,4378111
11,55,4237389
11,55,4419874
11,55,4408420
11,55,4413309
11,55,4261483
11,55,4359953
11,55,4368893
11,55,4397316
11,55,4410795
11,55,4407932
11,55,4361839
11,55,4356043
11,55,4263438
11,55,4284529
11,55,4416452
11,55,4418268
11,55,4416941
11,55,4397037
11,55,4386282
11,55,4421061
11,55,4401576
11,55,4299614
11,55,4162802
11,55,4405418
11,55,4415056
11,55,4399202
11,55,4361769
11,55,4405767
11,55,4359534
11,55,4390682
11,55,4408351
11,55,4367776
11,55,4400041
11,55,4337885
11,55,4370499
11,55,4421969
11,55,4411423
11,55,4405348
11,55,4391939
11,55,4318610
11,55,4400668
11,55,4279291
11,55,4332228
11,55,4401996
11,55,4401576
11,55,4395640
12,66,9517031
12,66,9390417
12,66,9673677
12,66,9598532
12,66,9652307
12,66,9514168
12,66,9617458
12,66,9635686
12,66,9473732
12,66,9695187
12,66,9483440
12,66,9567175
12,66,9545107
12,66,9527997
12,66,9684712
12,66,9560681
12,66,9570528
12,66,9551950
12,66,9456133
12,66,9688064
12,66,9513191
12,66,9576953
12,66,9431761
12,66,9466121
12,66,9727522
12,66,9505648
12,66,9611801
12,66,9602862
12,66,9485256
12,66,9555722
12,66,9592247
12,66,9455924
12,66,9457810
12,66,9623673
12,66,9523317
12,66,9599859
12,66,9424567
12,66,9547760
12,66,9591060
12,66,9586870
12,66,9669138
12,66,9587987
12,66,9520872
12,66,9696514
12,66,9674794
12,66,9714951
12,66,9654542
12,66,9603560
12,66,9596088
12,66,9498455
12,66,9627166
12,66,9417722
12,66,9647209
12,66,9594342
12,66,9495731
12,66,9443982
12,66,9503693
12,66,9598183
12,66,9739185
12,66,9483929
12,66,9441189
12,66,9548878
12,66,9485674
12,66,9510607
12,66,9654542
12,66,9489167
12,66,9724030
12,66,9504251
12,66,9609077
12,66,9613617
12,66,9452292
12,66,9422821
12,66,9567524
12,66,9567524
12,66,9520384
12,66,9535190
12,66,9387832
12,66,9533862
12,66,9404943
12,66,9579746
12,66,9481205
12,66,9645253
12,66,9667951
12,66,9532815
12,66,9673957
12,66,9604538
12,66,9489655
12,66,9659850
12,66,9558654
12,66,9692673
12,66,9597275
12,66,9521431
12,66,9562496
12,66,9581841
12,66,9593714
12,66,9592596
12,66,9508861
12,66,9674026
12,66,9503064
12,66,9735623
13,78,20867996
13,78,20631596
13,78,20766521
13,78,21157403
13,78,20841387
13,78,21125626
13,78,21061026
13,78,20940626
13,78,20757513
13,78,20659461
13,78,20745152
13,78,21068639
13,78,20825185
13,78,20919117
13,78,20609597
13,78,20842575
13,78,20890972
13,78,21019403
13,78,20724898
13,78,20829026
13,78,20930500
13,78,21106072
13,78,20777625
13,78,20881614
13,78,21022895
13,78,20740891
13,78,20896141
13,78,20936786
13,78,21114522
13,78,20797320
13,78,20921561
13,78,20960949
13,78,20767360
13,78,20993423
13,78,20712397
13,78,21081768
13,78,20922748
13,78,20741869
13,78,20698779
13,78,21108376
13,78,20831890
13,78,21042310
13,78,20690259
13,78,20987488
13,78,20892509
13,78,20932316
13,78,20577332
13,78,20961718
13,78,20986510
13,78,20950264
13,78,21179052
13,78,21075692
13,78,20850257
13,78,20993563
13,78,20935947
13,78,20994122
13,78,20946563
13,78,20869951
13,78,21193578
13,78,20741031
13,78,20975965
13,78,20970377
13,78,20973171
13,78,21146717
13,78,21029600
13,78,21339538
13,78,21021568
13,78,20885664
13,78,20879030
13,78,20954035
13,78,21272494
13,78,20908221
13,78,21269840
13,78,21029460
13,78,21203635
13,78,20898794
13,78,20936855
13,78,21067661
13,78,20778464
13,78,21223259
13,78,20886503
13,78,21127861
13,78,21005785
13,78,21306994
13,78,20954105
13,78,21031695
13,78,20853120
13,78,21081488
13,78,20637531
13,78,21135124
13,78,20734466
13,78,21079114
13,78,20953896
13,78,20589972
13,78,20648636
13,78,20873582
13,78,20739145
13,78,20850187
13,78,21081210
13,78,21093920
14,91,45769175
14,91,44907241
14,91,45031133
14,91,46426695
14,91,45991328
14,91,46175559
14,91,45997404
14,91,46130095
14,91,46107328
14,91,45942023
14,91,46206218
14,91,46134286
14,91,46365168
14,91,46712260
14,91,46128349
14,91,45896070
14,91,46206917
14,91,46017308
14,91,46366845
14,91,45903333
14,91,45962066
14,91,46156843
14,91,46395548
14,91,45970936
14,91,46391567
14,91,46148602
14,91,45979246
14,91,46097271
14,91,46300359
14,91,46153421
14,91,46245187
14,91,46304410
14,91,46110191
14,91,46141199
14,91,46149929
14,91,46021428
14,91,46179261
14,91,45981062
14,91,46320891
14,91,46293794
14,91,45856960
14,91,46333881
14,91,45662743
14,91,46606805
14,91,46537597
14,91,46317679
14,91,45860104
14,91,45989512
14,91,45718403
14,91,46256292
14,91,46299381
14,91,45704506
14,91,46762823
14,91,46098668
14,91,45862617
14,91,45994401
14,91,46391287
14,91,46259225
14,91,46250076
14,91,45915903
14,91,46225982
14,91,45586062
14,91,45703248
14,91,46014723
14,91,46200910
14,91,46282062
14,91,46374526
14,91,46411261
14,91,45722733
14,91,45954035
14,91,45758839
14,91,46255942
14,91,46285344
14,91,46167179
14,91,45842016
14,91,45988045
14,91,46577265
14,91,45842644
14,91,45999918
14,91,45837406
14,91,46318307
14,91,46315653
14,91,45848161
14,91,45653734
14,91,46499046
14,91,46165084
14,91,46055369
14,91,45632503
14,91,46668612
14,91,46109284
14,91,45891321
14,91,45861639
14,91,45663371
14,91,45840269
14,91,46212433
14,91,45922818
14,91,45687116
14,91,45739913
14,91,46378088
14,91,45991887
15,105,100168864
15,105,97974850
15,105,96996567
15,105,96344076
15,105,96146716
15,105,96315443
15,105,96188618
15,105,96691937
15,105,96673499
15,105,96825745
15,105,97154470
15,105,97756749
15,105,96042797
15,105,96124926
15,105,97121856
15,105,96110330
15,105,96488570
15,105,97085540
15,105,97179821
15,105,97104885
15,105,96045450
15,105,95661485
15,105,95850325
15,105,96597446
15,105,96645006
15,105,95877561
15,105,96453022
15,105,96492900
15,105,96056835
15,105,96208940
15,105,96831611
15,105,96490735
15,105,96257058
15,105,96008157
15,105,96281501
15,105,96036232
15,105,95960599
15,105,96178002
15,105,96064307
15,105,96518810
15,105,97016750
15,105,96792153
15,105,96499254
15,105,96137636
15,105,96665119
15,105,96511686
15,105,96388911
15,105,95960599
15,105,96939230
15,105,96242183
15,105,96781677
15,105,96104533
15,105,96696126
15,105,96113262
15,105,95961716
15,105,96325918
15,105,95840478
15,105,96199303
15,105,96940907
15,105,96131420
15,105,95997123
15,105,96214178
15,105,96073874
15,105,96952639
15,105,96078833
15,105,96546953
15,105,96263833
15,105,96444781
15,105,96066332
15,105,96352666
15,105,96109491
15,105,97058653
15,105,96728321
15,105,97170811
15,105,96530122
15,105,95869879
15,105,96489128
15,105,96205448
15,105,96576216
15,105,96213829
15,105,96698082
15,105,96694450
15,105,97107609
15,105,96402809
15,105,96293444
15,105,96253426
15,105,96122411
15,105,96995380
15,105,97045244
15,105,96493597
15,105,96223606
15,105,96131560
15,105,96146575
15,105,96630618
15,105,95682156
15,105,95121082
15,105,95832516
15,105,96461822
15,105,96328292
15,105,97122693
16,120,218557836
16,120,213868600
16,120,214183357
16,120,212224486
16,120,212508515
16,120,212689882
16,120,212886056
16,120,212606427
16,120,213030619
16,120,212462073
16,120,211755876
16,120,213069170
16,120,212976426
16,120,212730528
16,120,212242922
16,120,212247253
16,120,213285736
16,120,213210591
16,120,213000729
16,120,212393213
16,120,212598605
16,120,212249138
16,120,212646444
16,120,212674658
16,120,212451806
16,120,213464869
16,120,212020421
16,120,212471571
16,120,212409834
16,120,213059881
16,120,213337555
16,120,212040045
16,120,212736533
16,120,212326867
16,120,213223859
16,120,213198229
16,120,213050314
16,120,211365624
16,120,212950237
16,120,213390771
16,120,213279869
16,120,213282802
16,120,212974400
16,120,211685130
16,120,212743238
16,120,212834934
16,120,213038790
16,120,212502927
16,120,212488261
16,120,211825644
16,120,212374705
16,120,212548601
16,120,212462142
16,120,212346980
16,120,212985853
16,120,212330638
16,120,213059392
16,120,213316883
16,120,212606566
16,120,212347049
16,120,212816706
16,120,212016579
16,120,212385531
16,120,212396425
16,120,213961133
16,120,211906306
16,120,212923279
16,120,212474922
16,120,212362903
16,120,212548182
16,120,211253883
16,120,212007011
16,120,211776826
16,120,213412072
16,120,212922719
16,120,212305427
16,120,212651751
16,120,212760487
16,120,212740374
16,120,212884309
16,120,212812028
16,120,212655312
16,120,211936894
16,120,213458583
16,120,212825366
16,120,212876907
16,120,212413814
16,120,212949118
16,120,213375895
16,120,212893807
16,120,212598813
16,120,212393910
16,120,212892270
16,120,212376312
16,120,212263454
16,120,213120080
16,120,212878582
16,120,213018606
16,120,213462842
16,120,212230770
17,136,467849746
17,136,456234517
17,136,453956977
17,136,453172912
17,136,454042807
17,136,462565283
17,136,468614605
17,136,468296844
17,136,468780120
17,136,467127345
17,136,468756375
17,136,469226870
17,136,468780259
17,136,467014488
17,136,467690794
17,136,468402996
17,136,468580454
17,136,468040680
17,136,469963794
17,136,468265626
17,136,467839338
17,136,469385050
17,136,466394820
17,136,471407893
17,136,470395669
17,136,466421288
17,136,466719354
17,136,468275124
17,136,468789407
17,136,468518157
17,136,467910711
17,136,468174068
17,136,467014696
17,136,468547768
17,136,467538966
17,136,467008620
17,136,467290554
17,136,470665170
17,136,467208425
17,136,468055205
17,136,467779486
17,136,469241324
17,136,467504257
17,136,467335948
17,136,468738355
17,136,468041167
17,136,468107163
17,136,468504888
17,136,468573468
17,136,467942277
17,136,467429111
17,136,466827740
17,136,468824956
17,136,469558816
17,136,470069921
17,136,469404319
17,136,467924252
17,136,467022162
17,136,468352007
17,136,468654473
17,136,465949597
17,136,468178391
17,136,469461654
17,136,466615498
17,136,475488281
17,136,473489742
17,136,478800394
17,136,474059545
17,136,467494541
17,136,467706428
17,136,467018040
17,136,468070841
17,136,467287403
17,136,468202204
17,136,468080548
17,136,469501671
17,136,469700498
17,136,468469822
17,136,468817892
17,136,471730254
17,136,470192363
17,136,468392372
17,136,467001348
17,136,470684927
17,136,470729692
17,136,468656147
17,136,467079287
17,136,466498728
17,136,467113925
17,136,467289287
17,136,466315683
17,136,467785133
17,136,468925998
17,136,467257092
17,136,469915247
17,136,467262470
17,136,468094304
17,136,467143676
17,136,466175170
17,136,466306534
18,153,1019736175
18,153,991743073
18,153,987117806
18,153,1019598385
18,153,1021126848
18,153,1020141509
18,153,1022228813
18,153,1022012804
18,153,1024692818
18,153,1022668857
18,153,1021139905
18,153,1022831927
18,153,1020703349
18,153,1019949035
18,153,1019249542
18,153,1018722548
18,153,1021822005
18,153,1022271060
18,153,1019632111
18,153,1018212733
18,153,1020833524
18,153,1019650127
18,153,1022686661
18,153,1021993873
18,153,1022287958
18,153,1020969216
18,153,1019707182
18,153,1023229855
18,153,1017854742
18,153,1023836951
18,153,1019317069
18,153,1022982909
18,153,1020053505
18,153,1016668760
18,153,1019149667
18,153,1021917466
18,153,1020562967
18,153,1024994505
18,153,1017702702
18,153,1020959224
18,153,1021294583
18,153,1020327264
18,153,1020463028
18,153,1018386340
18,153,1019682314
18,153,1022170553
18,153,1019606400
18,153,1020781764
18,153,1022737004
18,153,1022186614
18,153,1022150788
18,153,1018774214
18,153,1022141917
18,153,1021600955
18,153,1020526855
18,153,1020875902
18,153,1018780358
18,153,1020257560
18,153,1018935466
18,153,1019888888
18,153,1024320285
18,153,1019665826
18,153,1022491869
18,153,1021481879
18,153,1021361130
18,153,1021129688
18,153,1019044061
18,153,1023811376
18,153,1022562123
18,153,1021725470
18,153,1019360214
18,153,1017325497
18,153,1023220759
18,153,1019241838
18,153,1020092458
18,153,1019283879
18,153,1022683219
18,153,1019369359
18,153,1021357144
18,153,1020878267
18,153,1019042449
18,153,1022737481
18,153,1019194694
18,153,1021052231
18,153,1023826525
18,153,1024506393
18,153,1018193362
18,153,1020980017
18,153,1019956409
18,153,1014989217
18,153,1023470910
18,153,1019744731
18,153,1019559102
18,153,1019694727
18,153,1020843623
18,153,1021152653
18,153,1020236943
18,153,1022599825
18,153,1023580622
18,153,1019938597
19,171,2179406628
19,171,2107618437
19,171,2101577703
19,171,2179054921
19,171,2178389019
19,171,2177845472
19,171,2178047859
19,171,2179260795
19,171,2177467995
19,171,2178236695
19,171,2177888973
19,171,2177807680
19,171,2175886379
19,171,2179177748
19,171,2179521137
19,171,2180133820
19,171,2179841409
19,171,2181787778
19,171,2182528682
19,171,2171754432
19,171,2175748297
19,171,2182037789
19,171,2178730424
19,171,2179802917
19,171,2180490255
19,171,2180153917
19,171,2179788385
19,171,2179298893
19,171,2175552738
19,171,2177753316
19,171,2177561401
19,171,2184082894
19,171,2188187939
19,171,2174849537
19,171,2175262623
19,171,2179801849
19,171,2177801004
19,171,2174080619
19,171,2180019737
19,171,2178760007
19,171,2176088023
19,171,2177357387
19,171,2175227971
19,171,2177904770
19,171,2180688072
19,171,2176728075
19,171,2174522676
19,171,2176133475
19,171,2174580009
19,171,2176415406
19,171,2179747560
19,171,2176228937
19,171,2174109857
19,171,2177960414
19,171,2179193044
19,171,2177884637
19,171,2180030253
19,171,2179873606
19,171,2175313985
19,171,2177196592
19,171,2181820041
19,171,2174199862
19,171,2179098192
19,171,2178841048
19,171,2177083237
19,171,2174858214
19,171,2177712470
19,171,2176387302
19,171,2175632288
19,171,2182917174
19,171,2176271925
19,171,2179280662
19,171,2180063190
19,171,2177281841
19,171,2182707932
19,171,2177632351
19,171,2177715386
19,171,2177381353
19,171,2176191041
19,171,2176609296
19,171,2180622087
19,171,2178253616
19,171,2176713349
19,171,2176821526
19,171,2176990740
19,171,2180961908
19,171,2179485961
19,171,2175720671
19,171,2176828711
19,171,2181276798
19,171,2177691759
19,171,2174872209
19,171,2177991289
19,171,2178066712
19,171,2179858251
19,171,2178610532
19,171,2179531129
19,171,2184893738
19,171,2176538519
19,171,2176522106
20,190,4724988236
20,190,4567302805
20,190,4554363099
20,190,4552720376
20,190,4550456307
20,190,4551516084
20,190,4550837815
20,190,4573956460
20,190,4558292045
20,190,4553149485
20,190,4593585519
20,190,4548501996
20,190,4553169018
20,190,4609233145
20,190,4550079465
20,190,4548955283
20,190,4621890470
20,190,4554845293
20,190,4551910646
20,190,4631157672
20,190,4556378274
20,190,4553900154
20,190,4646228300
20,190,4553489497
20,190,4551350787
20,190,4633072504
20,190,4555714078
20,190,4547614042
20,190,4645923767
20,190,4558738371
20,190,4562901864
20,190,4557782351
20,190,4664517759
20,190,4561380155
20,190,4554936733
20,190,4674686284
20,190,4555641449
20,190,4548804912
20,190,4554923646
20,190,4545641680
20,190,4547321334
20,190,4550135150
20,190,4558893880
20,190,4551681827
20,190,4548857592
20,190,4551576149
20,190,4577646683
20,190,4553463284
20,190,4554386250
20,190,4587092811
20,190,4555644778
20,190,4549864044
20,190,4607693798
20,190,4551542085
20,190,4554262528
20,190,4622401202
20,190,4557448990
20,190,4550461743
20,190,4628456231
20,190,4554007797
20,190,4549929632
20,190,4639461828
20,190,4552787786
20,190,4551060909
20,190,4636642819
20,190,4559913354
20,190,4553152941
20,190,4644224634
20,190,4558124797
20,190,4552784668
20,190,4665585035
20,190,4554285671
20,190,4545926678
20,190,4667205105
20,190,4561861482
20,190,4552212590
20,190,4553626444
20,190,4552854104
20,190,4549213820
20,190,4554360835
20,190,4549893535
20,190,4565797686
20,190,4551103386
20,190,4550167767
20,190,4573755787
20,190,4552633576
20,190,4554687909
20,190,4590326664
20,190,4551328224
20,190,4550066046
20,190,4602785370
20,190,4552745347
20,190,4553282810
20,190,4612094407
20,190,4554131183
20,190,4552783873
20,190,4627768501
20,190,4564371783
20,190,4552237794
20,190,4639900787
